wave,parish,state,project,name,include,field_status,contrac_status,total_mi,mi_remain_plan,mi_remain_contrac_adj,passings,passings_remain_plan,passings_remain_contrac_adj,bead,bead_remain_plan,bead_remain_contrac_adj,reason_codes,contrac_adjustment_note
(no wave tag),,,,---,,,(no ROQ job),0.0,0.0,0.0,0.0,0.0,0.0,0.0,0.0,0.0,,No Contrac ROQ job (parent/off-grid row) -> plan unchanged
(no wave tag),,,,---,,,(no ROQ job),0.0,0.0,0.0,0.0,0.0,0.0,0.0,0.0,0.0,,No Contrac ROQ job (parent/off-grid row) -> plan unchanged
(no wave tag),,,,---,,,(no ROQ job),0.0,0.0,0.0,0.0,0.0,0.0,0.0,0.0,0.0,,No Contrac ROQ job (parent/off-grid row) -> plan unchanged
(no wave tag),,,,---,,,(no ROQ job),0.0,0.0,0.0,0.0,0.0,0.0,0.0,0.0,0.0,,No Contrac ROQ job (parent/off-grid row) -> plan unchanged
(no wave tag),,,,---,,,(no ROQ job),0.0,0.0,0.0,0.0,0.0,0.0,0.0,0.0,0.0,,No Contrac ROQ job (parent/off-grid row) -> plan unchanged
(no wave tag),,,,---,,,(no ROQ job),0.0,0.0,0.0,0.0,0.0,0.0,0.0,0.0,0.0,,No Contrac ROQ job (parent/off-grid row) -> plan unchanged
(no wave tag),,,,---,,,(no ROQ job),0.0,0.0,0.0,0.0,0.0,0.0,0.0,0.0,0.0,,No Contrac ROQ job (parent/off-grid row) -> plan unchanged
(no wave tag),,,,---,,,(no ROQ job),0.0,0.0,0.0,0.0,0.0,0.0,0.0,0.0,0.0,,No Contrac ROQ job (parent/off-grid row) -> plan unchanged
(no wave tag),,,,---,,,(no ROQ job),0.0,0.0,0.0,0.0,0.0,0.0,0.0,0.0,0.0,,No Contrac ROQ job (parent/off-grid row) -> plan unchanged
(no wave tag),,,,---,,,(no ROQ job),0.0,0.0,0.0,0.0,0.0,0.0,0.0,0.0,0.0,,No Contrac ROQ job (parent/off-grid row) -> plan unchanged
(no wave tag),,,,---,,,(no ROQ job),0.0,0.0,0.0,0.0,0.0,0.0,0.0,0.0,0.0,,No Contrac ROQ job (parent/off-grid row) -> plan unchanged
(no wave tag),,,,---,,,(no ROQ job),0.0,0.0,0.0,0.0,0.0,0.0,0.0,0.0,0.0,,No Contrac ROQ job (parent/off-grid row) -> plan unchanged
(no wave tag),,,,---,,,(no ROQ job),0.0,0.0,0.0,0.0,0.0,0.0,0.0,0.0,0.0,,No Contrac ROQ job (parent/off-grid row) -> plan unchanged
(no wave tag),,,,---,,,(no ROQ job),0.0,0.0,0.0,0.0,0.0,0.0,0.0,0.0,0.0,,No Contrac ROQ job (parent/off-grid row) -> plan unchanged
(no wave tag),,,,---,,,(no ROQ job),0.0,0.0,0.0,0.0,0.0,0.0,0.0,0.0,0.0,,No Contrac ROQ job (parent/off-grid row) -> plan unchanged
(no wave tag),,,,---,,,(no ROQ job),0.0,0.0,0.0,0.0,0.0,0.0,0.0,0.0,0.0,,No Contrac ROQ job (parent/off-grid row) -> plan unchanged
(no wave tag),,,,---,,,(no ROQ job),0.0,0.0,0.0,0.0,0.0,0.0,0.0,0.0,0.0,,No Contrac ROQ job (parent/off-grid row) -> plan unchanged
(no wave tag),,,,---,,,(no ROQ job),0.0,0.0,0.0,0.0,0.0,0.0,0.0,0.0,0.0,,No Contrac ROQ job (parent/off-grid row) -> plan unchanged
(no wave tag),,,,---,,,(no ROQ job),0.0,0.0,0.0,0.0,0.0,0.0,0.0,0.0,0.0,,No Contrac ROQ job (parent/off-grid row) -> plan unchanged
(no wave tag),,,,---,,,(no ROQ job),0.0,0.0,0.0,0.0,0.0,0.0,0.0,0.0,0.0,,No Contrac ROQ job (parent/off-grid row) -> plan unchanged
(no wave tag),,,,---,,,(no ROQ job),0.0,0.0,0.0,0.0,0.0,0.0,0.0,0.0,0.0,,No Contrac ROQ job (parent/off-grid row) -> plan unchanged
(no wave tag),,,,---,,,(no ROQ job),0.0,0.0,0.0,0.0,0.0,0.0,0.0,0.0,0.0,,No Contrac ROQ job (parent/off-grid row) -> plan unchanged
(no wave tag),,,,---,,,(no ROQ job),0.0,0.0,0.0,0.0,0.0,0.0,0.0,0.0,0.0,,No Contrac ROQ job (parent/off-grid row) -> plan unchanged
(no wave tag),,,,---,,,(no ROQ job),0.0,0.0,0.0,0.0,0.0,0.0,0.0,0.0,0.0,,No Contrac ROQ job (parent/off-grid row) -> plan unchanged
(no wave tag),,,,---,,,(no ROQ job),0.0,0.0,0.0,0.0,0.0,0.0,0.0,0.0,0.0,,No Contrac ROQ job (parent/off-grid row) -> plan unchanged
(no wave tag),,,,---,,,(no ROQ job),0.0,0.0,0.0,0.0,0.0,0.0,0.0,0.0,0.0,,No Contrac ROQ job (parent/off-grid row) -> plan unchanged
(no wave tag),,,,---,,,(no ROQ job),0.0,0.0,0.0,0.0,0.0,0.0,0.0,0.0,0.0,,No Contrac ROQ job (parent/off-grid row) -> plan unchanged
(no wave tag),,,,---,,,(no ROQ job),0.0,0.0,0.0,0.0,0.0,0.0,0.0,0.0,0.0,,No Contrac ROQ job (parent/off-grid row) -> plan unchanged
(no wave tag),,,,---,,,(no ROQ job),0.0,0.0,0.0,0.0,0.0,0.0,0.0,0.0,0.0,,No Contrac ROQ job (parent/off-grid row) -> plan unchanged
(no wave tag),,,,---,,,(no ROQ job),0.0,0.0,0.0,0.0,0.0,0.0,0.0,0.0,0.0,,No Contrac ROQ job (parent/off-grid row) -> plan unchanged
(no wave tag),,,,---,,,(no ROQ job),0.0,0.0,0.0,0.0,0.0,0.0,0.0,0.0,0.0,,No Contrac ROQ job (parent/off-grid row) -> plan unchanged
(no wave tag),,,,---,,,(no ROQ job),0.0,0.0,0.0,0.0,0.0,0.0,0.0,0.0,0.0,,No Contrac ROQ job (parent/off-grid row) -> plan unchanged
(no wave tag),,,,---,,,(no ROQ job),0.0,0.0,0.0,0.0,0.0,0.0,0.0,0.0,0.0,,No Contrac ROQ job (parent/off-grid row) -> plan unchanged
(no wave tag),,,,---,,,(no ROQ job),0.0,0.0,0.0,0.0,0.0,0.0,0.0,0.0,0.0,,No Contrac ROQ job (parent/off-grid row) -> plan unchanged
(no wave tag),,,,---,,,(no ROQ job),0.0,0.0,0.0,0.0,0.0,0.0,0.0,0.0,0.0,,No Contrac ROQ job (parent/off-grid row) -> plan unchanged
(no wave tag),,,,---,,,(no ROQ job),0.0,0.0,0.0,0.0,0.0,0.0,0.0,0.0,0.0,,No Contrac ROQ job (parent/off-grid row) -> plan unchanged
(no wave tag),,,,---,,,(no ROQ job),0.0,0.0,0.0,0.0,0.0,0.0,0.0,0.0,0.0,,No Contrac ROQ job (parent/off-grid row) -> plan unchanged
(no wave tag),,,,---,,,(no ROQ job),0.0,0.0,0.0,0.0,0.0,0.0,0.0,0.0,0.0,,No Contrac ROQ job (parent/off-grid row) -> plan unchanged
(no wave tag),,,,---,,,(no ROQ job),0.0,0.0,0.0,0.0,0.0,0.0,0.0,0.0,0.0,,No Contrac ROQ job (parent/off-grid row) -> plan unchanged
(no wave tag),,,,---,,,(no ROQ job),0.0,0.0,0.0,0.0,0.0,0.0,0.0,0.0,0.0,,No Contrac ROQ job (parent/off-grid row) -> plan unchanged
(no wave tag),,,,---,,,(no ROQ job),0.0,0.0,0.0,0.0,0.0,0.0,0.0,0.0,0.0,,No Contrac ROQ job (parent/off-grid row) -> plan unchanged
(no wave tag),,,,---,,,(no ROQ job),0.0,0.0,0.0,0.0,0.0,0.0,0.0,0.0,0.0,,No Contrac ROQ job (parent/off-grid row) -> plan unchanged
(no wave tag),,,,---,,,(no ROQ job),0.0,0.0,0.0,0.0,0.0,0.0,0.0,0.0,0.0,,No Contrac ROQ job (parent/off-grid row) -> plan unchanged
(no wave tag),,,,---,,,(no ROQ job),0.0,0.0,0.0,0.0,0.0,0.0,0.0,0.0,0.0,,No Contrac ROQ job (parent/off-grid row) -> plan unchanged
(no wave tag),,,,---,,,(no ROQ job),0.0,0.0,0.0,0.0,0.0,0.0,0.0,0.0,0.0,,No Contrac ROQ job (parent/off-grid row) -> plan unchanged
(no wave tag),,,,---,,,(no ROQ job),0.0,0.0,0.0,0.0,0.0,0.0,0.0,0.0,0.0,,No Contrac ROQ job (parent/off-grid row) -> plan unchanged
(no wave tag),,,,---,,,(no ROQ job),0.0,0.0,0.0,0.0,0.0,0.0,0.0,0.0,0.0,,No Contrac ROQ job (parent/off-grid row) -> plan unchanged
(no wave tag),,,,---,,,(no ROQ job),0.0,0.0,0.0,0.0,0.0,0.0,0.0,0.0,0.0,,No Contrac ROQ job (parent/off-grid row) -> plan unchanged
(no wave tag),,,,---,,,(no ROQ job),0.0,0.0,0.0,0.0,0.0,0.0,0.0,0.0,0.0,,No Contrac ROQ job (parent/off-grid row) -> plan unchanged
(no wave tag),,,,---,,,(no ROQ job),0.0,0.0,0.0,0.0,0.0,0.0,0.0,0.0,0.0,,No Contrac ROQ job (parent/off-grid row) -> plan unchanged
(no wave tag),,,,---,,,(no ROQ job),0.0,0.0,0.0,0.0,0.0,0.0,0.0,0.0,0.0,,No Contrac ROQ job (parent/off-grid row) -> plan unchanged
(no wave tag),,,,---,,,(no ROQ job),0.0,0.0,0.0,0.0,0.0,0.0,0.0,0.0,0.0,,No Contrac ROQ job (parent/off-grid row) -> plan unchanged
(no wave tag),,,,---,,,(no ROQ job),0.0,0.0,0.0,0.0,0.0,0.0,0.0,0.0,0.0,,No Contrac ROQ job (parent/off-grid row) -> plan unchanged
(no wave tag),,,,---,,,(no ROQ job),0.0,0.0,0.0,0.0,0.0,0.0,0.0,0.0,0.0,,No Contrac ROQ job (parent/off-grid row) -> plan unchanged
(no wave tag),,,,---,,,(no ROQ job),0.0,0.0,0.0,0.0,0.0,0.0,0.0,0.0,0.0,,No Contrac ROQ job (parent/off-grid row) -> plan unchanged
(no wave tag),,,,---,,,(no ROQ job),0.0,0.0,0.0,0.0,0.0,0.0,0.0,0.0,0.0,,No Contrac ROQ job (parent/off-grid row) -> plan unchanged
(no wave tag),,,,---,,,(no ROQ job),0.0,0.0,0.0,0.0,0.0,0.0,0.0,0.0,0.0,,No Contrac ROQ job (parent/off-grid row) -> plan unchanged
(no wave tag),,,,---,,,(no ROQ job),0.0,0.0,0.0,0.0,0.0,0.0,0.0,0.0,0.0,,No Contrac ROQ job (parent/off-grid row) -> plan unchanged
(no wave tag),,,,---,,,(no ROQ job),0.0,0.0,0.0,0.0,0.0,0.0,0.0,0.0,0.0,,No Contrac ROQ job (parent/off-grid row) -> plan unchanged
(no wave tag),,,,---,,,(no ROQ job),0.0,0.0,0.0,0.0,0.0,0.0,0.0,0.0,0.0,,No Contrac ROQ job (parent/off-grid row) -> plan unchanged
(no wave tag),,,,---,,,(no ROQ job),0.0,0.0,0.0,0.0,0.0,0.0,0.0,0.0,0.0,,No Contrac ROQ job (parent/off-grid row) -> plan unchanged
(no wave tag),,,,---,,,(no ROQ job),0.0,0.0,0.0,0.0,0.0,0.0,0.0,0.0,0.0,,No Contrac ROQ job (parent/off-grid row) -> plan unchanged
(no wave tag),,,,---,,,(no ROQ job),0.0,0.0,0.0,0.0,0.0,0.0,0.0,0.0,0.0,,No Contrac ROQ job (parent/off-grid row) -> plan unchanged
(no wave tag),,,,---,,,(no ROQ job),0.0,0.0,0.0,0.0,0.0,0.0,0.0,0.0,0.0,,No Contrac ROQ job (parent/off-grid row) -> plan unchanged
(no wave tag),,,,---,,,(no ROQ job),0.0,0.0,0.0,0.0,0.0,0.0,0.0,0.0,0.0,,No Contrac ROQ job (parent/off-grid row) -> plan unchanged
(no wave tag),,,,---,,,(no ROQ job),0.0,0.0,0.0,0.0,0.0,0.0,0.0,0.0,0.0,,No Contrac ROQ job (parent/off-grid row) -> plan unchanged
(no wave tag),,,,---,,,(no ROQ job),0.0,0.0,0.0,0.0,0.0,0.0,0.0,0.0,0.0,,No Contrac ROQ job (parent/off-grid row) -> plan unchanged
(no wave tag),,,,---,,,(no ROQ job),0.0,0.0,0.0,0.0,0.0,0.0,0.0,0.0,0.0,,No Contrac ROQ job (parent/off-grid row) -> plan unchanged
(no wave tag),,,,---,,,(no ROQ job),0.0,0.0,0.0,0.0,0.0,0.0,0.0,0.0,0.0,,No Contrac ROQ job (parent/off-grid row) -> plan unchanged
(no wave tag),,,,---,,,(no ROQ job),0.0,0.0,0.0,0.0,0.0,0.0,0.0,0.0,0.0,,No Contrac ROQ job (parent/off-grid row) -> plan unchanged
(no wave tag),,,,---,,,(no ROQ job),0.0,0.0,0.0,0.0,0.0,0.0,0.0,0.0,0.0,,No Contrac ROQ job (parent/off-grid row) -> plan unchanged
(no wave tag),,,,---,,,(no ROQ job),0.0,0.0,0.0,0.0,0.0,0.0,0.0,0.0,0.0,,No Contrac ROQ job (parent/off-grid row) -> plan unchanged
(no wave tag),,,,---,,,(no ROQ job),0.0,0.0,0.0,0.0,0.0,0.0,0.0,0.0,0.0,,No Contrac ROQ job (parent/off-grid row) -> plan unchanged
(no wave tag),,,,---,,,(no ROQ job),0.0,0.0,0.0,0.0,0.0,0.0,0.0,0.0,0.0,,No Contrac ROQ job (parent/off-grid row) -> plan unchanged
(no wave tag),,,,---,,,(no ROQ job),0.0,0.0,0.0,0.0,0.0,0.0,0.0,0.0,0.0,,No Contrac ROQ job (parent/off-grid row) -> plan unchanged
(no wave tag),,,,---,,,(no ROQ job),0.0,0.0,0.0,0.0,0.0,0.0,0.0,0.0,0.0,,No Contrac ROQ job (parent/off-grid row) -> plan unchanged
(no wave tag),,,,---,,,(no ROQ job),0.0,0.0,0.0,0.0,0.0,0.0,0.0,0.0,0.0,,No Contrac ROQ job (parent/off-grid row) -> plan unchanged
(no wave tag),,,,---,,,(no ROQ job),0.0,0.0,0.0,0.0,0.0,0.0,0.0,0.0,0.0,,No Contrac ROQ job (parent/off-grid row) -> plan unchanged
(no wave tag),,,,---,,,(no ROQ job),0.0,0.0,0.0,0.0,0.0,0.0,0.0,0.0,0.0,,No Contrac ROQ job (parent/off-grid row) -> plan unchanged
(no wave tag),,,,---,,,(no ROQ job),0.0,0.0,0.0,0.0,0.0,0.0,0.0,0.0,0.0,,No Contrac ROQ job (parent/off-grid row) -> plan unchanged
(no wave tag),,,,---,,,(no ROQ job),0.0,0.0,0.0,0.0,0.0,0.0,0.0,0.0,0.0,,No Contrac ROQ job (parent/off-grid row) -> plan unchanged
(no wave tag),,,,---,,,(no ROQ job),0.0,0.0,0.0,0.0,0.0,0.0,0.0,0.0,0.0,,No Contrac ROQ job (parent/off-grid row) -> plan unchanged
(no wave tag),,,,---,,,(no ROQ job),0.0,0.0,0.0,0.0,0.0,0.0,0.0,0.0,0.0,,No Contrac ROQ job (parent/off-grid row) -> plan unchanged
(no wave tag),,,,---,,,(no ROQ job),0.0,0.0,0.0,0.0,0.0,0.0,0.0,0.0,0.0,,No Contrac ROQ job (parent/off-grid row) -> plan unchanged
(no wave tag),,,,---,,,(no ROQ job),0.0,0.0,0.0,0.0,0.0,0.0,0.0,0.0,0.0,,No Contrac ROQ job (parent/off-grid row) -> plan unchanged
(no wave tag),,,,---,,,(no ROQ job),0.0,0.0,0.0,0.0,0.0,0.0,0.0,0.0,0.0,,No Contrac ROQ job (parent/off-grid row) -> plan unchanged
(no wave tag),,,,---,,,(no ROQ job),0.0,0.0,0.0,0.0,0.0,0.0,0.0,0.0,0.0,,No Contrac ROQ job (parent/off-grid row) -> plan unchanged
(no wave tag),,,,---,,,(no ROQ job),0.0,0.0,0.0,0.0,0.0,0.0,0.0,0.0,0.0,,No Contrac ROQ job (parent/off-grid row) -> plan unchanged
(no wave tag),,,,---,,,(no ROQ job),0.0,0.0,0.0,0.0,0.0,0.0,0.0,0.0,0.0,,No Contrac ROQ job (parent/off-grid row) -> plan unchanged
(no wave tag),,,,---,,,(no ROQ job),0.0,0.0,0.0,0.0,0.0,0.0,0.0,0.0,0.0,,No Contrac ROQ job (parent/off-grid row) -> plan unchanged
(no wave tag),,,,---,,,(no ROQ job),0.0,0.0,0.0,0.0,0.0,0.0,0.0,0.0,0.0,,No Contrac ROQ job (parent/off-grid row) -> plan unchanged
(no wave tag),,,,---,,,(no ROQ job),0.0,0.0,0.0,0.0,0.0,0.0,0.0,0.0,0.0,,No Contrac ROQ job (parent/off-grid row) -> plan unchanged
(no wave tag),,,,---,,,(no ROQ job),0.0,0.0,0.0,0.0,0.0,0.0,0.0,0.0,0.0,,No Contrac ROQ job (parent/off-grid row) -> plan unchanged
(no wave tag),,,,---,,,(no ROQ job),0.0,0.0,0.0,0.0,0.0,0.0,0.0,0.0,0.0,,No Contrac ROQ job (parent/off-grid row) -> plan unchanged
(no wave tag),,,,---,,,(no ROQ job),0.0,0.0,0.0,0.0,0.0,0.0,0.0,0.0,0.0,,No Contrac ROQ job (parent/off-grid row) -> plan unchanged
(no wave tag),,,,---,,,(no ROQ job),0.0,0.0,0.0,0.0,0.0,0.0,0.0,0.0,0.0,,No Contrac ROQ job (parent/off-grid row) -> plan unchanged
(no wave tag),,,,---,,,(no ROQ job),0.0,0.0,0.0,0.0,0.0,0.0,0.0,0.0,0.0,,No Contrac ROQ job (parent/off-grid row) -> plan unchanged
(no wave tag),,,,---,,,(no ROQ job),0.0,0.0,0.0,0.0,0.0,0.0,0.0,0.0,0.0,,No Contrac ROQ job (parent/off-grid row) -> plan unchanged
(no wave tag),,,,---,,,(no ROQ job),0.0,0.0,0.0,0.0,0.0,0.0,0.0,0.0,0.0,,No Contrac ROQ job (parent/off-grid row) -> plan unchanged
(no wave tag),,,,---,,,(no ROQ job),0.0,0.0,0.0,0.0,0.0,0.0,0.0,0.0,0.0,,No Contrac ROQ job (parent/off-grid row) -> plan unchanged
(no wave tag),,,,---,,,(no ROQ job),0.0,0.0,0.0,0.0,0.0,0.0,0.0,0.0,0.0,,No Contrac ROQ job (parent/off-grid row) -> plan unchanged
(no wave tag),,,,---,,,(no ROQ job),0.0,0.0,0.0,0.0,0.0,0.0,0.0,0.0,0.0,,No Contrac ROQ job (parent/off-grid row) -> plan unchanged
(no wave tag),,,,---,,,(no ROQ job),0.0,0.0,0.0,0.0,0.0,0.0,0.0,0.0,0.0,,No Contrac ROQ job (parent/off-grid row) -> plan unchanged
(no wave tag),,,,---,,,(no ROQ job),0.0,0.0,0.0,0.0,0.0,0.0,0.0,0.0,0.0,,No Contrac ROQ job (parent/off-grid row) -> plan unchanged
(no wave tag),,,,---,,,(no ROQ job),0.0,0.0,0.0,0.0,0.0,0.0,0.0,0.0,0.0,,No Contrac ROQ job (parent/off-grid row) -> plan unchanged
(no wave tag),,,,---,,,(no ROQ job),0.0,0.0,0.0,0.0,0.0,0.0,0.0,0.0,0.0,,No Contrac ROQ job (parent/off-grid row) -> plan unchanged
(no wave tag),,,,---,,,(no ROQ job),0.0,0.0,0.0,0.0,0.0,0.0,0.0,0.0,0.0,,No Contrac ROQ job (parent/off-grid row) -> plan unchanged
(no wave tag),,,,---,,,(no ROQ job),0.0,0.0,0.0,0.0,0.0,0.0,0.0,0.0,0.0,,No Contrac ROQ job (parent/off-grid row) -> plan unchanged
(no wave tag),,,,---,,,(no ROQ job),0.0,0.0,0.0,0.0,0.0,0.0,0.0,0.0,0.0,,No Contrac ROQ job (parent/off-grid row) -> plan unchanged
(no wave tag),,,,---,,,(no ROQ job),0.0,0.0,0.0,0.0,0.0,0.0,0.0,0.0,0.0,,No Contrac ROQ job (parent/off-grid row) -> plan unchanged
(no wave tag),,,,---,,,(no ROQ job),0.0,0.0,0.0,0.0,0.0,0.0,0.0,0.0,0.0,,No Contrac ROQ job (parent/off-grid row) -> plan unchanged
(no wave tag),,,,---,,,(no ROQ job),0.0,0.0,0.0,0.0,0.0,0.0,0.0,0.0,0.0,,No Contrac ROQ job (parent/off-grid row) -> plan unchanged
(no wave tag),,,,---,,,(no ROQ job),0.0,0.0,0.0,0.0,0.0,0.0,0.0,0.0,0.0,,No Contrac ROQ job (parent/off-grid row) -> plan unchanged
(no wave tag),,,,---,,,(no ROQ job),0.0,0.0,0.0,0.0,0.0,0.0,0.0,0.0,0.0,,No Contrac ROQ job (parent/off-grid row) -> plan unchanged
(no wave tag),,,,---,,,(no ROQ job),0.0,0.0,0.0,0.0,0.0,0.0,0.0,0.0,0.0,,No Contrac ROQ job (parent/off-grid row) -> plan unchanged
(no wave tag),,,,---,,,(no ROQ job),0.0,0.0,0.0,0.0,0.0,0.0,0.0,0.0,0.0,,No Contrac ROQ job (parent/off-grid row) -> plan unchanged
(no wave tag),,,,---,,,(no ROQ job),0.0,0.0,0.0,0.0,0.0,0.0,0.0,0.0,0.0,,No Contrac ROQ job (parent/off-grid row) -> plan unchanged
(no wave tag),,,,---,,,(no ROQ job),0.0,0.0,0.0,0.0,0.0,0.0,0.0,0.0,0.0,,No Contrac ROQ job (parent/off-grid row) -> plan unchanged
(no wave tag),,,,---,,,(no ROQ job),0.0,0.0,0.0,0.0,0.0,0.0,0.0,0.0,0.0,,No Contrac ROQ job (parent/off-grid row) -> plan unchanged
(no wave tag),,,,---,,,(no ROQ job),0.0,0.0,0.0,0.0,0.0,0.0,0.0,0.0,0.0,,No Contrac ROQ job (parent/off-grid row) -> plan unchanged
(no wave tag),,,,---,,,(no ROQ job),0.0,0.0,0.0,0.0,0.0,0.0,0.0,0.0,0.0,,No Contrac ROQ job (parent/off-grid row) -> plan unchanged
(no wave tag),,,,---,,,(no ROQ job),0.0,0.0,0.0,0.0,0.0,0.0,0.0,0.0,0.0,,No Contrac ROQ job (parent/off-grid row) -> plan unchanged
(no wave tag),,,,---,,,(no ROQ job),0.0,0.0,0.0,0.0,0.0,0.0,0.0,0.0,0.0,,No Contrac ROQ job (parent/off-grid row) -> plan unchanged
(no wave tag),,,,---,,,(no ROQ job),0.0,0.0,0.0,0.0,0.0,0.0,0.0,0.0,0.0,,No Contrac ROQ job (parent/off-grid row) -> plan unchanged
(no wave tag),,,,---,,,(no ROQ job),0.0,0.0,0.0,0.0,0.0,0.0,0.0,0.0,0.0,,No Contrac ROQ job (parent/off-grid row) -> plan unchanged
(no wave tag),,,,---,,,(no ROQ job),0.0,0.0,0.0,0.0,0.0,0.0,0.0,0.0,0.0,,No Contrac ROQ job (parent/off-grid row) -> plan unchanged
(no wave tag),,,,---,,,(no ROQ job),0.0,0.0,0.0,0.0,0.0,0.0,0.0,0.0,0.0,,No Contrac ROQ job (parent/off-grid row) -> plan unchanged
(no wave tag),,,,---,,,(no ROQ job),0.0,0.0,0.0,0.0,0.0,0.0,0.0,0.0,0.0,,No Contrac ROQ job (parent/off-grid row) -> plan unchanged
(no wave tag),,,,---,,,(no ROQ job),0.0,0.0,0.0,0.0,0.0,0.0,0.0,0.0,0.0,,No Contrac ROQ job (parent/off-grid row) -> plan unchanged
(no wave tag),,,,---,,,(no ROQ job),0.0,0.0,0.0,0.0,0.0,0.0,0.0,0.0,0.0,,No Contrac ROQ job (parent/off-grid row) -> plan unchanged
(no wave tag),,,,---,,,(no ROQ job),0.0,0.0,0.0,0.0,0.0,0.0,0.0,0.0,0.0,,No Contrac ROQ job (parent/off-grid row) -> plan unchanged
(no wave tag),,,,---,,,(no ROQ job),0.0,0.0,0.0,0.0,0.0,0.0,0.0,0.0,0.0,,No Contrac ROQ job (parent/off-grid row) -> plan unchanged
(no wave tag),,,,---,,,(no ROQ job),0.0,0.0,0.0,0.0,0.0,0.0,0.0,0.0,0.0,,No Contrac ROQ job (parent/off-grid row) -> plan unchanged
(no wave tag),,,,---,,,(no ROQ job),0.0,0.0,0.0,0.0,0.0,0.0,0.0,0.0,0.0,,No Contrac ROQ job (parent/off-grid row) -> plan unchanged
(no wave tag),,,,---,,,(no ROQ job),0.0,0.0,0.0,0.0,0.0,0.0,0.0,0.0,0.0,,No Contrac ROQ job (parent/off-grid row) -> plan unchanged
(no wave tag),,,,---,,,(no ROQ job),0.0,0.0,0.0,0.0,0.0,0.0,0.0,0.0,0.0,,No Contrac ROQ job (parent/off-grid row) -> plan unchanged
(no wave tag),,,,---,,,(no ROQ job),0.0,0.0,0.0,0.0,0.0,0.0,0.0,0.0,0.0,,No Contrac ROQ job (parent/off-grid row) -> plan unchanged
(no wave tag),,,,---,,,(no ROQ job),0.0,0.0,0.0,0.0,0.0,0.0,0.0,0.0,0.0,,No Contrac ROQ job (parent/off-grid row) -> plan unchanged
(no wave tag),,,,---,,,(no ROQ job),0.0,0.0,0.0,0.0,0.0,0.0,0.0,0.0,0.0,,No Contrac ROQ job (parent/off-grid row) -> plan unchanged
(no wave tag),,,,---,,,(no ROQ job),0.0,0.0,0.0,0.0,0.0,0.0,0.0,0.0,0.0,,No Contrac ROQ job (parent/off-grid row) -> plan unchanged
(no wave tag),,,,---,,,(no ROQ job),0.0,0.0,0.0,0.0,0.0,0.0,0.0,0.0,0.0,,No Contrac ROQ job (parent/off-grid row) -> plan unchanged
(no wave tag),,,,---,,,(no ROQ job),0.0,0.0,0.0,0.0,0.0,0.0,0.0,0.0,0.0,,No Contrac ROQ job (parent/off-grid row) -> plan unchanged
(no wave tag),,,,---,,,(no ROQ job),0.0,0.0,0.0,0.0,0.0,0.0,0.0,0.0,0.0,,No Contrac ROQ job (parent/off-grid row) -> plan unchanged
(no wave tag),,,,---,,,(no ROQ job),0.0,0.0,0.0,0.0,0.0,0.0,0.0,0.0,0.0,,No Contrac ROQ job (parent/off-grid row) -> plan unchanged
(no wave tag),,,,---,,,(no ROQ job),0.0,0.0,0.0,0.0,0.0,0.0,0.0,0.0,0.0,,No Contrac ROQ job (parent/off-grid row) -> plan unchanged
(no wave tag),,,,---,,,(no ROQ job),0.0,0.0,0.0,0.0,0.0,0.0,0.0,0.0,0.0,,No Contrac ROQ job (parent/off-grid row) -> plan unchanged
(no wave tag),,,,---,,,(no ROQ job),0.0,0.0,0.0,0.0,0.0,0.0,0.0,0.0,0.0,,No Contrac ROQ job (parent/off-grid row) -> plan unchanged
(no wave tag),,,,---,,,(no ROQ job),0.0,0.0,0.0,0.0,0.0,0.0,0.0,0.0,0.0,,No Contrac ROQ job (parent/off-grid row) -> plan unchanged
(no wave tag),,,,---,,,(no ROQ job),0.0,0.0,0.0,0.0,0.0,0.0,0.0,0.0,0.0,,No Contrac ROQ job (parent/off-grid row) -> plan unchanged
(no wave tag),,,,---,,,(no ROQ job),0.0,0.0,0.0,0.0,0.0,0.0,0.0,0.0,0.0,,No Contrac ROQ job (parent/off-grid row) -> plan unchanged
(no wave tag),,,,---,,,(no ROQ job),0.0,0.0,0.0,0.0,0.0,0.0,0.0,0.0,0.0,,No Contrac ROQ job (parent/off-grid row) -> plan unchanged
(no wave tag),,,,---,,,(no ROQ job),0.0,0.0,0.0,0.0,0.0,0.0,0.0,0.0,0.0,,No Contrac ROQ job (parent/off-grid row) -> plan unchanged
(no wave tag),,,,---,,,(no ROQ job),0.0,0.0,0.0,0.0,0.0,0.0,0.0,0.0,0.0,,No Contrac ROQ job (parent/off-grid row) -> plan unchanged
(no wave tag),,,,---,,,(no ROQ job),0.0,0.0,0.0,0.0,0.0,0.0,0.0,0.0,0.0,,No Contrac ROQ job (parent/off-grid row) -> plan unchanged
(no wave tag),,,,---,,,(no ROQ job),0.0,0.0,0.0,0.0,0.0,0.0,0.0,0.0,0.0,,No Contrac ROQ job (parent/off-grid row) -> plan unchanged
(no wave tag),,,,---,,,(no ROQ job),0.0,0.0,0.0,0.0,0.0,0.0,0.0,0.0,0.0,,No Contrac ROQ job (parent/off-grid row) -> plan unchanged
(no wave tag),,,,---,,,(no ROQ job),0.0,0.0,0.0,0.0,0.0,0.0,0.0,0.0,0.0,,No Contrac ROQ job (parent/off-grid row) -> plan unchanged
(no wave tag),,,,---,,,(no ROQ job),0.0,0.0,0.0,0.0,0.0,0.0,0.0,0.0,0.0,,No Contrac ROQ job (parent/off-grid row) -> plan unchanged
(no wave tag),,,,---,,,(no ROQ job),0.0,0.0,0.0,0.0,0.0,0.0,0.0,0.0,0.0,,No Contrac ROQ job (parent/off-grid row) -> plan unchanged
(no wave tag),,,,---,,,(no ROQ job),0.0,0.0,0.0,0.0,0.0,0.0,0.0,0.0,0.0,,No Contrac ROQ job (parent/off-grid row) -> plan unchanged
(no wave tag),,,,---,,,(no ROQ job),0.0,0.0,0.0,0.0,0.0,0.0,0.0,0.0,0.0,,No Contrac ROQ job (parent/off-grid row) -> plan unchanged
(no wave tag),,,,---,,,(no ROQ job),0.0,0.0,0.0,0.0,0.0,0.0,0.0,0.0,0.0,,No Contrac ROQ job (parent/off-grid row) -> plan unchanged
(no wave tag),,,,---,,,(no ROQ job),0.0,0.0,0.0,0.0,0.0,0.0,0.0,0.0,0.0,,No Contrac ROQ job (parent/off-grid row) -> plan unchanged
(no wave tag),,,,---,,,(no ROQ job),0.0,0.0,0.0,0.0,0.0,0.0,0.0,0.0,0.0,,No Contrac ROQ job (parent/off-grid row) -> plan unchanged
(no wave tag),,,,---,,,(no ROQ job),0.0,0.0,0.0,0.0,0.0,0.0,0.0,0.0,0.0,,No Contrac ROQ job (parent/off-grid row) -> plan unchanged
(no wave tag),,,,---,,,(no ROQ job),0.0,0.0,0.0,0.0,0.0,0.0,0.0,0.0,0.0,,No Contrac ROQ job (parent/off-grid row) -> plan unchanged
(no wave tag),,,,---,,,(no ROQ job),0.0,0.0,0.0,0.0,0.0,0.0,0.0,0.0,0.0,,No Contrac ROQ job (parent/off-grid row) -> plan unchanged
(no wave tag),,,,---,,,(no ROQ job),0.0,0.0,0.0,0.0,0.0,0.0,0.0,0.0,0.0,,No Contrac ROQ job (parent/off-grid row) -> plan unchanged
(no wave tag),,,,---,,,(no ROQ job),0.0,0.0,0.0,0.0,0.0,0.0,0.0,0.0,0.0,,No Contrac ROQ job (parent/off-grid row) -> plan unchanged
(no wave tag),,,,---,,,(no ROQ job),0.0,0.0,0.0,0.0,0.0,0.0,0.0,0.0,0.0,,No Contrac ROQ job (parent/off-grid row) -> plan unchanged
(no wave tag),,,,---,,,(no ROQ job),0.0,0.0,0.0,0.0,0.0,0.0,0.0,0.0,0.0,,No Contrac ROQ job (parent/off-grid row) -> plan unchanged
(no wave tag),,,,---,,,(no ROQ job),0.0,0.0,0.0,0.0,0.0,0.0,0.0,0.0,0.0,,No Contrac ROQ job (parent/off-grid row) -> plan unchanged
(no wave tag),,,,---,,,(no ROQ job),0.0,0.0,0.0,0.0,0.0,0.0,0.0,0.0,0.0,,No Contrac ROQ job (parent/off-grid row) -> plan unchanged
(no wave tag),,,,---,,,(no ROQ job),0.0,0.0,0.0,0.0,0.0,0.0,0.0,0.0,0.0,,No Contrac ROQ job (parent/off-grid row) -> plan unchanged
(no wave tag),,,,---,,,(no ROQ job),0.0,0.0,0.0,0.0,0.0,0.0,0.0,0.0,0.0,,No Contrac ROQ job (parent/off-grid row) -> plan unchanged
(no wave tag),,,,---,,,(no ROQ job),0.0,0.0,0.0,0.0,0.0,0.0,0.0,0.0,0.0,,No Contrac ROQ job (parent/off-grid row) -> plan unchanged
(no wave tag),,,,---,,,(no ROQ job),0.0,0.0,0.0,0.0,0.0,0.0,0.0,0.0,0.0,,No Contrac ROQ job (parent/off-grid row) -> plan unchanged
(no wave tag),,,,---,,,(no ROQ job),0.0,0.0,0.0,0.0,0.0,0.0,0.0,0.0,0.0,,No Contrac ROQ job (parent/off-grid row) -> plan unchanged
(no wave tag),,,,---,,,(no ROQ job),0.0,0.0,0.0,0.0,0.0,0.0,0.0,0.0,0.0,,No Contrac ROQ job (parent/off-grid row) -> plan unchanged
(no wave tag),,,,---,,,(no ROQ job),0.0,0.0,0.0,0.0,0.0,0.0,0.0,0.0,0.0,,No Contrac ROQ job (parent/off-grid row) -> plan unchanged
(no wave tag),,,,---,,,(no ROQ job),0.0,0.0,0.0,0.0,0.0,0.0,0.0,0.0,0.0,,No Contrac ROQ job (parent/off-grid row) -> plan unchanged
(no wave tag),,,,---,,,(no ROQ job),0.0,0.0,0.0,0.0,0.0,0.0,0.0,0.0,0.0,,No Contrac ROQ job (parent/off-grid row) -> plan unchanged
(no wave tag),,,,---,,,(no ROQ job),0.0,0.0,0.0,0.0,0.0,0.0,0.0,0.0,0.0,,No Contrac ROQ job (parent/off-grid row) -> plan unchanged
(no wave tag),,,,---,,,(no ROQ job),0.0,0.0,0.0,0.0,0.0,0.0,0.0,0.0,0.0,,No Contrac ROQ job (parent/off-grid row) -> plan unchanged
(no wave tag),,,,---,,,(no ROQ job),0.0,0.0,0.0,0.0,0.0,0.0,0.0,0.0,0.0,,No Contrac ROQ job (parent/off-grid row) -> plan unchanged
(no wave tag),,,,---,,,(no ROQ job),0.0,0.0,0.0,0.0,0.0,0.0,0.0,0.0,0.0,,No Contrac ROQ job (parent/off-grid row) -> plan unchanged
(no wave tag),,,,---,,,(no ROQ job),0.0,0.0,0.0,0.0,0.0,0.0,0.0,0.0,0.0,,No Contrac ROQ job (parent/off-grid row) -> plan unchanged
(no wave tag),,,,---,,,(no ROQ job),0.0,0.0,0.0,0.0,0.0,0.0,0.0,0.0,0.0,,No Contrac ROQ job (parent/off-grid row) -> plan unchanged
(no wave tag),,,,---,,,(no ROQ job),0.0,0.0,0.0,0.0,0.0,0.0,0.0,0.0,0.0,,No Contrac ROQ job (parent/off-grid row) -> plan unchanged
(no wave tag),,,,---,,,(no ROQ job),0.0,0.0,0.0,0.0,0.0,0.0,0.0,0.0,0.0,,No Contrac ROQ job (parent/off-grid row) -> plan unchanged
(no wave tag),,,,---,,,(no ROQ job),0.0,0.0,0.0,0.0,0.0,0.0,0.0,0.0,0.0,,No Contrac ROQ job (parent/off-grid row) -> plan unchanged
(no wave tag),,,,---,,,(no ROQ job),0.0,0.0,0.0,0.0,0.0,0.0,0.0,0.0,0.0,,No Contrac ROQ job (parent/off-grid row) -> plan unchanged
(no wave tag),,,,---,,,(no ROQ job),0.0,0.0,0.0,0.0,0.0,0.0,0.0,0.0,0.0,,No Contrac ROQ job (parent/off-grid row) -> plan unchanged
(no wave tag),,,,---,,,(no ROQ job),0.0,0.0,0.0,0.0,0.0,0.0,0.0,0.0,0.0,,No Contrac ROQ job (parent/off-grid row) -> plan unchanged
(no wave tag),,,,---,,,(no ROQ job),0.0,0.0,0.0,0.0,0.0,0.0,0.0,0.0,0.0,,No Contrac ROQ job (parent/off-grid row) -> plan unchanged
(no wave tag),,,,---,,,(no ROQ job),0.0,0.0,0.0,0.0,0.0,0.0,0.0,0.0,0.0,,No Contrac ROQ job (parent/off-grid row) -> plan unchanged
(no wave tag),,,,---,,,(no ROQ job),0.0,0.0,0.0,0.0,0.0,0.0,0.0,0.0,0.0,,No Contrac ROQ job (parent/off-grid row) -> plan unchanged
(no wave tag),,,,---,,,(no ROQ job),0.0,0.0,0.0,0.0,0.0,0.0,0.0,0.0,0.0,,No Contrac ROQ job (parent/off-grid row) -> plan unchanged
(no wave tag),,,,---,,,(no ROQ job),0.0,0.0,0.0,0.0,0.0,0.0,0.0,0.0,0.0,,No Contrac ROQ job (parent/off-grid row) -> plan unchanged
(no wave tag),,,,---,,,(no ROQ job),0.0,0.0,0.0,0.0,0.0,0.0,0.0,0.0,0.0,,No Contrac ROQ job (parent/off-grid row) -> plan unchanged
(no wave tag),,,,---,,,(no ROQ job),0.0,0.0,0.0,0.0,0.0,0.0,0.0,0.0,0.0,,No Contrac ROQ job (parent/off-grid row) -> plan unchanged
(no wave tag),,,,---,,,(no ROQ job),0.0,0.0,0.0,0.0,0.0,0.0,0.0,0.0,0.0,,No Contrac ROQ job (parent/off-grid row) -> plan unchanged
(no wave tag),,,,---,,,(no ROQ job),0.0,0.0,0.0,0.0,0.0,0.0,0.0,0.0,0.0,,No Contrac ROQ job (parent/off-grid row) -> plan unchanged
(no wave tag),,,,---,,,(no ROQ job),0.0,0.0,0.0,0.0,0.0,0.0,0.0,0.0,0.0,,No Contrac ROQ job (parent/off-grid row) -> plan unchanged
(no wave tag),,,,---,,,(no ROQ job),0.0,0.0,0.0,0.0,0.0,0.0,0.0,0.0,0.0,,No Contrac ROQ job (parent/off-grid row) -> plan unchanged
(no wave tag),,,,---,,,(no ROQ job),0.0,0.0,0.0,0.0,0.0,0.0,0.0,0.0,0.0,,No Contrac ROQ job (parent/off-grid row) -> plan unchanged
(no wave tag),,,,---,,,(no ROQ job),0.0,0.0,0.0,0.0,0.0,0.0,0.0,0.0,0.0,,No Contrac ROQ job (parent/off-grid row) -> plan unchanged
(no wave tag),,,,---,,,(no ROQ job),0.0,0.0,0.0,0.0,0.0,0.0,0.0,0.0,0.0,,No Contrac ROQ job (parent/off-grid row) -> plan unchanged
(no wave tag),,,,---,,,(no ROQ job),0.0,0.0,0.0,0.0,0.0,0.0,0.0,0.0,0.0,,No Contrac ROQ job (parent/off-grid row) -> plan unchanged
(no wave tag),,,,---,,,(no ROQ job),0.0,0.0,0.0,0.0,0.0,0.0,0.0,0.0,0.0,,No Contrac ROQ job (parent/off-grid row) -> plan unchanged
(no wave tag),,,,---,,,(no ROQ job),0.0,0.0,0.0,0.0,0.0,0.0,0.0,0.0,0.0,,No Contrac ROQ job (parent/off-grid row) -> plan unchanged
(no wave tag),,,,---,,,(no ROQ job),0.0,0.0,0.0,0.0,0.0,0.0,0.0,0.0,0.0,,No Contrac ROQ job (parent/off-grid row) -> plan unchanged
(no wave tag),,,,---,,,(no ROQ job),0.0,0.0,0.0,0.0,0.0,0.0,0.0,0.0,0.0,,No Contrac ROQ job (parent/off-grid row) -> plan unchanged
(no wave tag),,,,---,,,(no ROQ job),0.0,0.0,0.0,0.0,0.0,0.0,0.0,0.0,0.0,,No Contrac ROQ job (parent/off-grid row) -> plan unchanged
(no wave tag),,,,---,,,(no ROQ job),0.0,0.0,0.0,0.0,0.0,0.0,0.0,0.0,0.0,,No Contrac ROQ job (parent/off-grid row) -> plan unchanged
(no wave tag),,,,---,,,(no ROQ job),0.0,0.0,0.0,0.0,0.0,0.0,0.0,0.0,0.0,,No Contrac ROQ job (parent/off-grid row) -> plan unchanged
(no wave tag),,,,---,,,(no ROQ job),0.0,0.0,0.0,0.0,0.0,0.0,0.0,0.0,0.0,,No Contrac ROQ job (parent/off-grid row) -> plan unchanged
(no wave tag),,,,---,,,(no ROQ job),0.0,0.0,0.0,0.0,0.0,0.0,0.0,0.0,0.0,,No Contrac ROQ job (parent/off-grid row) -> plan unchanged
(no wave tag),,,,---,,,(no ROQ job),0.0,0.0,0.0,0.0,0.0,0.0,0.0,0.0,0.0,,No Contrac ROQ job (parent/off-grid row) -> plan unchanged
(no wave tag),,,,---,,,(no ROQ job),0.0,0.0,0.0,0.0,0.0,0.0,0.0,0.0,0.0,,No Contrac ROQ job (parent/off-grid row) -> plan unchanged
(no wave tag),,,,---,,,(no ROQ job),0.0,0.0,0.0,0.0,0.0,0.0,0.0,0.0,0.0,,No Contrac ROQ job (parent/off-grid row) -> plan unchanged
(no wave tag),,,,---,,,(no ROQ job),0.0,0.0,0.0,0.0,0.0,0.0,0.0,0.0,0.0,,No Contrac ROQ job (parent/off-grid row) -> plan unchanged
(no wave tag),,,,---,,,(no ROQ job),0.0,0.0,0.0,0.0,0.0,0.0,0.0,0.0,0.0,,No Contrac ROQ job (parent/off-grid row) -> plan unchanged
(no wave tag),,,,---,,,(no ROQ job),0.0,0.0,0.0,0.0,0.0,0.0,0.0,0.0,0.0,,No Contrac ROQ job (parent/off-grid row) -> plan unchanged
(no wave tag),,,,---,,,(no ROQ job),0.0,0.0,0.0,0.0,0.0,0.0,0.0,0.0,0.0,,No Contrac ROQ job (parent/off-grid row) -> plan unchanged
(no wave tag),,,,---,,,(no ROQ job),0.0,0.0,0.0,0.0,0.0,0.0,0.0,0.0,0.0,,No Contrac ROQ job (parent/off-grid row) -> plan unchanged
(no wave tag),,,,---,,,(no ROQ job),0.0,0.0,0.0,0.0,0.0,0.0,0.0,0.0,0.0,,No Contrac ROQ job (parent/off-grid row) -> plan unchanged
(no wave tag),,,,---,,,(no ROQ job),0.0,0.0,0.0,0.0,0.0,0.0,0.0,0.0,0.0,,No Contrac ROQ job (parent/off-grid row) -> plan unchanged
(no wave tag),,,,---,,,(no ROQ job),0.0,0.0,0.0,0.0,0.0,0.0,0.0,0.0,0.0,,No Contrac ROQ job (parent/off-grid row) -> plan unchanged
(no wave tag),,,,---,,,(no ROQ job),0.0,0.0,0.0,0.0,0.0,0.0,0.0,0.0,0.0,,No Contrac ROQ job (parent/off-grid row) -> plan unchanged
(no wave tag),,,,---,,,(no ROQ job),0.0,0.0,0.0,0.0,0.0,0.0,0.0,0.0,0.0,,No Contrac ROQ job (parent/off-grid row) -> plan unchanged
(no wave tag),,,,---,,,(no ROQ job),0.0,0.0,0.0,0.0,0.0,0.0,0.0,0.0,0.0,,No Contrac ROQ job (parent/off-grid row) -> plan unchanged
(no wave tag),,,,---,,,(no ROQ job),0.0,0.0,0.0,0.0,0.0,0.0,0.0,0.0,0.0,,No Contrac ROQ job (parent/off-grid row) -> plan unchanged
(no wave tag),,,,---,,,(no ROQ job),0.0,0.0,0.0,0.0,0.0,0.0,0.0,0.0,0.0,,No Contrac ROQ job (parent/off-grid row) -> plan unchanged
(no wave tag),,,,---,,,(no ROQ job),0.0,0.0,0.0,0.0,0.0,0.0,0.0,0.0,0.0,,No Contrac ROQ job (parent/off-grid row) -> plan unchanged
(no wave tag),,,,---,,,(no ROQ job),0.0,0.0,0.0,0.0,0.0,0.0,0.0,0.0,0.0,,No Contrac ROQ job (parent/off-grid row) -> plan unchanged
(no wave tag),,,,---,,,(no ROQ job),0.0,0.0,0.0,0.0,0.0,0.0,0.0,0.0,0.0,,No Contrac ROQ job (parent/off-grid row) -> plan unchanged
(no wave tag),,,,---,,,(no ROQ job),0.0,0.0,0.0,0.0,0.0,0.0,0.0,0.0,0.0,,No Contrac ROQ job (parent/off-grid row) -> plan unchanged
(no wave tag),,,,---,,,(no ROQ job),0.0,0.0,0.0,0.0,0.0,0.0,0.0,0.0,0.0,,No Contrac ROQ job (parent/off-grid row) -> plan unchanged
(no wave tag),,,,---,,,(no ROQ job),0.0,0.0,0.0,0.0,0.0,0.0,0.0,0.0,0.0,,No Contrac ROQ job (parent/off-grid row) -> plan unchanged
(no wave tag),,,,---,,,(no ROQ job),0.0,0.0,0.0,0.0,0.0,0.0,0.0,0.0,0.0,,No Contrac ROQ job (parent/off-grid row) -> plan unchanged
(no wave tag),,,,---,,,(no ROQ job),0.0,0.0,0.0,0.0,0.0,0.0,0.0,0.0,0.0,,No Contrac ROQ job (parent/off-grid row) -> plan unchanged
(no wave tag),,,,---,,,(no ROQ job),0.0,0.0,0.0,0.0,0.0,0.0,0.0,0.0,0.0,,No Contrac ROQ job (parent/off-grid row) -> plan unchanged
(no wave tag),,,,---,,,(no ROQ job),0.0,0.0,0.0,0.0,0.0,0.0,0.0,0.0,0.0,,No Contrac ROQ job (parent/off-grid row) -> plan unchanged
(no wave tag),,,,---,,,(no ROQ job),0.0,0.0,0.0,0.0,0.0,0.0,0.0,0.0,0.0,,No Contrac ROQ job (parent/off-grid row) -> plan unchanged
(no wave tag),,,,---,,,(no ROQ job),0.0,0.0,0.0,0.0,0.0,0.0,0.0,0.0,0.0,,No Contrac ROQ job (parent/off-grid row) -> plan unchanged
(no wave tag),,,,---,,,(no ROQ job),0.0,0.0,0.0,0.0,0.0,0.0,0.0,0.0,0.0,,No Contrac ROQ job (parent/off-grid row) -> plan unchanged
(no wave tag),,,,---,,,(no ROQ job),0.0,0.0,0.0,0.0,0.0,0.0,0.0,0.0,0.0,,No Contrac ROQ job (parent/off-grid row) -> plan unchanged
(no wave tag),,,,---,,,(no ROQ job),0.0,0.0,0.0,0.0,0.0,0.0,0.0,0.0,0.0,,No Contrac ROQ job (parent/off-grid row) -> plan unchanged
(no wave tag),,,,---,,,(no ROQ job),0.0,0.0,0.0,0.0,0.0,0.0,0.0,0.0,0.0,,No Contrac ROQ job (parent/off-grid row) -> plan unchanged
(no wave tag),,,,---,,,(no ROQ job),0.0,0.0,0.0,0.0,0.0,0.0,0.0,0.0,0.0,,No Contrac ROQ job (parent/off-grid row) -> plan unchanged
(no wave tag),,,,---,,,(no ROQ job),0.0,0.0,0.0,0.0,0.0,0.0,0.0,0.0,0.0,,No Contrac ROQ job (parent/off-grid row) -> plan unchanged
(no wave tag),,,,---,,,(no ROQ job),0.0,0.0,0.0,0.0,0.0,0.0,0.0,0.0,0.0,,No Contrac ROQ job (parent/off-grid row) -> plan unchanged
(no wave tag),,,,---,,,(no ROQ job),0.0,0.0,0.0,0.0,0.0,0.0,0.0,0.0,0.0,,No Contrac ROQ job (parent/off-grid row) -> plan unchanged
(no wave tag),,,,---,,,(no ROQ job),0.0,0.0,0.0,0.0,0.0,0.0,0.0,0.0,0.0,,No Contrac ROQ job (parent/off-grid row) -> plan unchanged
(no wave tag),,,,---,,,(no ROQ job),0.0,0.0,0.0,0.0,0.0,0.0,0.0,0.0,0.0,,No Contrac ROQ job (parent/off-grid row) -> plan unchanged
(no wave tag),,,,---,,,(no ROQ job),0.0,0.0,0.0,0.0,0.0,0.0,0.0,0.0,0.0,,No Contrac ROQ job (parent/off-grid row) -> plan unchanged
(no wave tag),,,,---,,,(no ROQ job),0.0,0.0,0.0,0.0,0.0,0.0,0.0,0.0,0.0,,No Contrac ROQ job (parent/off-grid row) -> plan unchanged
(no wave tag),,,,---,,,(no ROQ job),0.0,0.0,0.0,0.0,0.0,0.0,0.0,0.0,0.0,,No Contrac ROQ job (parent/off-grid row) -> plan unchanged
(no wave tag),,,,---,,,(no ROQ job),0.0,0.0,0.0,0.0,0.0,0.0,0.0,0.0,0.0,,No Contrac ROQ job (parent/off-grid row) -> plan unchanged
(no wave tag),,,,---,,,(no ROQ job),0.0,0.0,0.0,0.0,0.0,0.0,0.0,0.0,0.0,,No Contrac ROQ job (parent/off-grid row) -> plan unchanged
(no wave tag),,,,---,,,(no ROQ job),0.0,0.0,0.0,0.0,0.0,0.0,0.0,0.0,0.0,,No Contrac ROQ job (parent/off-grid row) -> plan unchanged
(no wave tag),,,,---,,,(no ROQ job),0.0,0.0,0.0,0.0,0.0,0.0,0.0,0.0,0.0,,No Contrac ROQ job (parent/off-grid row) -> plan unchanged
(no wave tag),,,,---,,,(no ROQ job),0.0,0.0,0.0,0.0,0.0,0.0,0.0,0.0,0.0,,No Contrac ROQ job (parent/off-grid row) -> plan unchanged
(no wave tag),,,,---,,,(no ROQ job),0.0,0.0,0.0,0.0,0.0,0.0,0.0,0.0,0.0,,No Contrac ROQ job (parent/off-grid row) -> plan unchanged
(no wave tag),,,,---,,,(no ROQ job),0.0,0.0,0.0,0.0,0.0,0.0,0.0,0.0,0.0,,No Contrac ROQ job (parent/off-grid row) -> plan unchanged
(no wave tag),,,,---,,,(no ROQ job),0.0,0.0,0.0,0.0,0.0,0.0,0.0,0.0,0.0,,No Contrac ROQ job (parent/off-grid row) -> plan unchanged
(no wave tag),,,,---,,,(no ROQ job),0.0,0.0,0.0,0.0,0.0,0.0,0.0,0.0,0.0,,No Contrac ROQ job (parent/off-grid row) -> plan unchanged
(no wave tag),,,,---,,,(no ROQ job),0.0,0.0,0.0,0.0,0.0,0.0,0.0,0.0,0.0,,No Contrac ROQ job (parent/off-grid row) -> plan unchanged
(no wave tag),,,,---,,,(no ROQ job),0.0,0.0,0.0,0.0,0.0,0.0,0.0,0.0,0.0,,No Contrac ROQ job (parent/off-grid row) -> plan unchanged
(no wave tag),,,,---,,,(no ROQ job),0.0,0.0,0.0,0.0,0.0,0.0,0.0,0.0,0.0,,No Contrac ROQ job (parent/off-grid row) -> plan unchanged
(no wave tag),,,,---,,,(no ROQ job),0.0,0.0,0.0,0.0,0.0,0.0,0.0,0.0,0.0,,No Contrac ROQ job (parent/off-grid row) -> plan unchanged
(no wave tag),,,,---,,,(no ROQ job),0.0,0.0,0.0,0.0,0.0,0.0,0.0,0.0,0.0,,No Contrac ROQ job (parent/off-grid row) -> plan unchanged
(no wave tag),,,,---,,,(no ROQ job),0.0,0.0,0.0,0.0,0.0,0.0,0.0,0.0,0.0,,No Contrac ROQ job (parent/off-grid row) -> plan unchanged
(no wave tag),,,,---,,,(no ROQ job),0.0,0.0,0.0,0.0,0.0,0.0,0.0,0.0,0.0,,No Contrac ROQ job (parent/off-grid row) -> plan unchanged
(no wave tag),,,,---,,,(no ROQ job),0.0,0.0,0.0,0.0,0.0,0.0,0.0,0.0,0.0,,No Contrac ROQ job (parent/off-grid row) -> plan unchanged
(no wave tag),,,,---,,,(no ROQ job),0.0,0.0,0.0,0.0,0.0,0.0,0.0,0.0,0.0,,No Contrac ROQ job (parent/off-grid row) -> plan unchanged
(no wave tag),,,,---,,,(no ROQ job),0.0,0.0,0.0,0.0,0.0,0.0,0.0,0.0,0.0,,No Contrac ROQ job (parent/off-grid row) -> plan unchanged
(no wave tag),,,,---,,,(no ROQ job),0.0,0.0,0.0,0.0,0.0,0.0,0.0,0.0,0.0,,No Contrac ROQ job (parent/off-grid row) -> plan unchanged
(no wave tag),,,,---,,,(no ROQ job),0.0,0.0,0.0,0.0,0.0,0.0,0.0,0.0,0.0,,No Contrac ROQ job (parent/off-grid row) -> plan unchanged
(no wave tag),,,,---,,,(no ROQ job),0.0,0.0,0.0,0.0,0.0,0.0,0.0,0.0,0.0,,No Contrac ROQ job (parent/off-grid row) -> plan unchanged
(no wave tag),,,,---,,,(no ROQ job),0.0,0.0,0.0,0.0,0.0,0.0,0.0,0.0,0.0,,No Contrac ROQ job (parent/off-grid row) -> plan unchanged
(no wave tag),,,,---,,,(no ROQ job),0.0,0.0,0.0,0.0,0.0,0.0,0.0,0.0,0.0,,No Contrac ROQ job (parent/off-grid row) -> plan unchanged
(no wave tag),,,,---,,,(no ROQ job),0.0,0.0,0.0,0.0,0.0,0.0,0.0,0.0,0.0,,No Contrac ROQ job (parent/off-grid row) -> plan unchanged
(no wave tag),,,,---,,,(no ROQ job),0.0,0.0,0.0,0.0,0.0,0.0,0.0,0.0,0.0,,No Contrac ROQ job (parent/off-grid row) -> plan unchanged
(no wave tag),,,,---,,,(no ROQ job),0.0,0.0,0.0,0.0,0.0,0.0,0.0,0.0,0.0,,No Contrac ROQ job (parent/off-grid row) -> plan unchanged
(no wave tag),,,,---,,,(no ROQ job),0.0,0.0,0.0,0.0,0.0,0.0,0.0,0.0,0.0,,No Contrac ROQ job (parent/off-grid row) -> plan unchanged
(no wave tag),,,,---,,,(no ROQ job),0.0,0.0,0.0,0.0,0.0,0.0,0.0,0.0,0.0,,No Contrac ROQ job (parent/off-grid row) -> plan unchanged
(no wave tag),,,,---,,,(no ROQ job),0.0,0.0,0.0,0.0,0.0,0.0,0.0,0.0,0.0,,No Contrac ROQ job (parent/off-grid row) -> plan unchanged
(no wave tag),,,,---,,,(no ROQ job),0.0,0.0,0.0,0.0,0.0,0.0,0.0,0.0,0.0,,No Contrac ROQ job (parent/off-grid row) -> plan unchanged
(no wave tag),,,,---,,,(no ROQ job),0.0,0.0,0.0,0.0,0.0,0.0,0.0,0.0,0.0,,No Contrac ROQ job (parent/off-grid row) -> plan unchanged
(no wave tag),,,,---,,,(no ROQ job),0.0,0.0,0.0,0.0,0.0,0.0,0.0,0.0,0.0,,No Contrac ROQ job (parent/off-grid row) -> plan unchanged
(no wave tag),,,,---,,,(no ROQ job),0.0,0.0,0.0,0.0,0.0,0.0,0.0,0.0,0.0,,No Contrac ROQ job (parent/off-grid row) -> plan unchanged
(no wave tag),,,,---,,,(no ROQ job),0.0,0.0,0.0,0.0,0.0,0.0,0.0,0.0,0.0,,No Contrac ROQ job (parent/off-grid row) -> plan unchanged
(no wave tag),,,,---,,,(no ROQ job),0.0,0.0,0.0,0.0,0.0,0.0,0.0,0.0,0.0,,No Contrac ROQ job (parent/off-grid row) -> plan unchanged
(no wave tag),,,,---,,,(no ROQ job),0.0,0.0,0.0,0.0,0.0,0.0,0.0,0.0,0.0,,No Contrac ROQ job (parent/off-grid row) -> plan unchanged
(no wave tag),,,,---,,,(no ROQ job),0.0,0.0,0.0,0.0,0.0,0.0,0.0,0.0,0.0,,No Contrac ROQ job (parent/off-grid row) -> plan unchanged
(no wave tag),,,,---,,,(no ROQ job),0.0,0.0,0.0,0.0,0.0,0.0,0.0,0.0,0.0,,No Contrac ROQ job (parent/off-grid row) -> plan unchanged
(no wave tag),,,,---,,,(no ROQ job),0.0,0.0,0.0,0.0,0.0,0.0,0.0,0.0,0.0,,No Contrac ROQ job (parent/off-grid row) -> plan unchanged
(no wave tag),,,,---,,,(no ROQ job),0.0,0.0,0.0,0.0,0.0,0.0,0.0,0.0,0.0,,No Contrac ROQ job (parent/off-grid row) -> plan unchanged
(no wave tag),,,,---,,,(no ROQ job),0.0,0.0,0.0,0.0,0.0,0.0,0.0,0.0,0.0,,No Contrac ROQ job (parent/off-grid row) -> plan unchanged
(no wave tag),,,,---,,,(no ROQ job),0.0,0.0,0.0,0.0,0.0,0.0,0.0,0.0,0.0,,No Contrac ROQ job (parent/off-grid row) -> plan unchanged
(no wave tag),,,,---,,,(no ROQ job),0.0,0.0,0.0,0.0,0.0,0.0,0.0,0.0,0.0,,No Contrac ROQ job (parent/off-grid row) -> plan unchanged
(no wave tag),,,,---,,,(no ROQ job),0.0,0.0,0.0,0.0,0.0,0.0,0.0,0.0,0.0,,No Contrac ROQ job (parent/off-grid row) -> plan unchanged
(no wave tag),,,,---,,,(no ROQ job),0.0,0.0,0.0,0.0,0.0,0.0,0.0,0.0,0.0,,No Contrac ROQ job (parent/off-grid row) -> plan unchanged
(no wave tag),,,,---,,,(no ROQ job),0.0,0.0,0.0,0.0,0.0,0.0,0.0,0.0,0.0,,No Contrac ROQ job (parent/off-grid row) -> plan unchanged
(no wave tag),,,,---,,,(no ROQ job),0.0,0.0,0.0,0.0,0.0,0.0,0.0,0.0,0.0,,No Contrac ROQ job (parent/off-grid row) -> plan unchanged
(no wave tag),,,,---,,,(no ROQ job),0.0,0.0,0.0,0.0,0.0,0.0,0.0,0.0,0.0,,No Contrac ROQ job (parent/off-grid row) -> plan unchanged
(no wave tag),,,,---,,,(no ROQ job),0.0,0.0,0.0,0.0,0.0,0.0,0.0,0.0,0.0,,No Contrac ROQ job (parent/off-grid row) -> plan unchanged
(no wave tag),,,,---,,,(no ROQ job),0.0,0.0,0.0,0.0,0.0,0.0,0.0,0.0,0.0,,No Contrac ROQ job (parent/off-grid row) -> plan unchanged
(no wave tag),,,,---,,,(no ROQ job),0.0,0.0,0.0,0.0,0.0,0.0,0.0,0.0,0.0,,No Contrac ROQ job (parent/off-grid row) -> plan unchanged
(no wave tag),,,,---,,,(no ROQ job),0.0,0.0,0.0,0.0,0.0,0.0,0.0,0.0,0.0,,No Contrac ROQ job (parent/off-grid row) -> plan unchanged
(no wave tag),,,,---,,,(no ROQ job),0.0,0.0,0.0,0.0,0.0,0.0,0.0,0.0,0.0,,No Contrac ROQ job (parent/off-grid row) -> plan unchanged
(no wave tag),,,,---,,,(no ROQ job),0.0,0.0,0.0,0.0,0.0,0.0,0.0,0.0,0.0,,No Contrac ROQ job (parent/off-grid row) -> plan unchanged
(no wave tag),,,,---,,,(no ROQ job),0.0,0.0,0.0,0.0,0.0,0.0,0.0,0.0,0.0,,No Contrac ROQ job (parent/off-grid row) -> plan unchanged
(no wave tag),,,,---,,,(no ROQ job),0.0,0.0,0.0,0.0,0.0,0.0,0.0,0.0,0.0,,No Contrac ROQ job (parent/off-grid row) -> plan unchanged
(no wave tag),,,,---,,,(no ROQ job),0.0,0.0,0.0,0.0,0.0,0.0,0.0,0.0,0.0,,No Contrac ROQ job (parent/off-grid row) -> plan unchanged
(no wave tag),,,,---,,,(no ROQ job),0.0,0.0,0.0,0.0,0.0,0.0,0.0,0.0,0.0,,No Contrac ROQ job (parent/off-grid row) -> plan unchanged
(no wave tag),,,,---,,,(no ROQ job),0.0,0.0,0.0,0.0,0.0,0.0,0.0,0.0,0.0,,No Contrac ROQ job (parent/off-grid row) -> plan unchanged
(no wave tag),,,,---,,,(no ROQ job),0.0,0.0,0.0,0.0,0.0,0.0,0.0,0.0,0.0,,No Contrac ROQ job (parent/off-grid row) -> plan unchanged
(no wave tag),,,,---,,,(no ROQ job),0.0,0.0,0.0,0.0,0.0,0.0,0.0,0.0,0.0,,No Contrac ROQ job (parent/off-grid row) -> plan unchanged
(no wave tag),,,,---,,,(no ROQ job),0.0,0.0,0.0,0.0,0.0,0.0,0.0,0.0,0.0,,No Contrac ROQ job (parent/off-grid row) -> plan unchanged
(no wave tag),,,,---,,,(no ROQ job),0.0,0.0,0.0,0.0,0.0,0.0,0.0,0.0,0.0,,No Contrac ROQ job (parent/off-grid row) -> plan unchanged
(no wave tag),,,,---,,,(no ROQ job),0.0,0.0,0.0,0.0,0.0,0.0,0.0,0.0,0.0,,No Contrac ROQ job (parent/off-grid row) -> plan unchanged
(no wave tag),,,,---,,,(no ROQ job),0.0,0.0,0.0,0.0,0.0,0.0,0.0,0.0,0.0,,No Contrac ROQ job (parent/off-grid row) -> plan unchanged
(no wave tag),,,,---,,,(no ROQ job),0.0,0.0,0.0,0.0,0.0,0.0,0.0,0.0,0.0,,No Contrac ROQ job (parent/off-grid row) -> plan unchanged
(no wave tag),,,,---,,,(no ROQ job),0.0,0.0,0.0,0.0,0.0,0.0,0.0,0.0,0.0,,No Contrac ROQ job (parent/off-grid row) -> plan unchanged
(no wave tag),,,,---,,,(no ROQ job),0.0,0.0,0.0,0.0,0.0,0.0,0.0,0.0,0.0,,No Contrac ROQ job (parent/off-grid row) -> plan unchanged
(no wave tag),,,,---,,,(no ROQ job),0.0,0.0,0.0,0.0,0.0,0.0,0.0,0.0,0.0,,No Contrac ROQ job (parent/off-grid row) -> plan unchanged
(no wave tag),,,,---,,,(no ROQ job),0.0,0.0,0.0,0.0,0.0,0.0,0.0,0.0,0.0,,No Contrac ROQ job (parent/off-grid row) -> plan unchanged
(no wave tag),,,,---,,,(no ROQ job),0.0,0.0,0.0,0.0,0.0,0.0,0.0,0.0,0.0,,No Contrac ROQ job (parent/off-grid row) -> plan unchanged
(no wave tag),,,,---,,,(no ROQ job),0.0,0.0,0.0,0.0,0.0,0.0,0.0,0.0,0.0,,No Contrac ROQ job (parent/off-grid row) -> plan unchanged
(no wave tag),,,,---,,,(no ROQ job),0.0,0.0,0.0,0.0,0.0,0.0,0.0,0.0,0.0,,No Contrac ROQ job (parent/off-grid row) -> plan unchanged
(no wave tag),,,,---,,,(no ROQ job),0.0,0.0,0.0,0.0,0.0,0.0,0.0,0.0,0.0,,No Contrac ROQ job (parent/off-grid row) -> plan unchanged
(no wave tag),,,,---,,,(no ROQ job),0.0,0.0,0.0,0.0,0.0,0.0,0.0,0.0,0.0,,No Contrac ROQ job (parent/off-grid row) -> plan unchanged
(no wave tag),,,,---,,,(no ROQ job),0.0,0.0,0.0,0.0,0.0,0.0,0.0,0.0,0.0,,No Contrac ROQ job (parent/off-grid row) -> plan unchanged
(no wave tag),,,,---,,,(no ROQ job),0.0,0.0,0.0,0.0,0.0,0.0,0.0,0.0,0.0,,No Contrac ROQ job (parent/off-grid row) -> plan unchanged
(no wave tag),Beauregard Parish,LA,CA-10203,Beauregard Parish-NONE-CA-10203-Construction Area - Beauregard - Fastwyre Connections,,,(no ROQ job),3.03,1.01,1.01,13.0,13.0,13.0,0.0,0.0,0.0,"newborn_hi_only, newborn_status_held_open",No Contrac ROQ job (parent/off-grid row) -> plan unchanged
(no wave tag),Bossier Parish,LA,DA-10979,Bossier Parish-NONE-DA-10979-APPROVEDDESIGNAREAS - Bossier-1,,,(no ROQ job),0.39,0.39,0.39,56.0,56.0,56.0,9.0,9.0,9.0,"newborn_hi_only, newborn_status_held_open",No Contrac ROQ job (parent/off-grid row) -> plan unchanged
(no wave tag),Calcasieu Parish,LA,CA-9807,Calcasieu Parish-NONE-CA-9807-Construction Area - Iowa Transport Calcasieu,NO,,(no ROQ job),7.7,7.7,7.7,347.0,347.0,347.0,44.0,44.0,44.0,"newborn_hi_only, newborn_status_strong",No Contrac ROQ job (parent/off-grid row) -> plan unchanged
(no wave tag),Calcasieu Parish,LA,DA-10949,Calcasieu Parish-NONE-DA-10949-APPROVEDDESIGNAREAS - None,NO,,(no ROQ job),0.0,0.0,0.0,1.0,1.0,1.0,0.0,0.0,0.0,no_hi_identity,No Contrac ROQ job (parent/off-grid row) -> plan unchanged
(no wave tag),Calcasieu Parish,LA,DA-10978,Calcasieu Parish-NONE-DA-10978-APPROVEDDESIGNAREAS - Calcasieu-3,,,(no ROQ job),1.2,1.2,1.2,7.0,7.0,7.0,0.0,0.0,0.0,"newborn_hi_only, newborn_status_held_open",No Contrac ROQ job (parent/off-grid row) -> plan unchanged
(no wave tag),Concordia Parish,LA,DA-10958,Concordia Parish-NONE-DA-10958-APPROVEDDESIGNAREAS - Concordia East,,,(no ROQ job),0.0,0.0,0.0,1.0,1.0,1.0,0.0,0.0,0.0,,No Contrac ROQ job (parent/off-grid row) -> plan unchanged
(no wave tag),Evangeline Parish,LA,DA-10981,Evangeline Parish-NONE-DA-10981-APPROVEDDESIGNAREAS - Evangeline-1,,,(no ROQ job),0.0,0.0,0.0,323.0,323.0,323.0,61.0,61.0,61.0,"newborn_hi_only, newborn_status_held_open",No Contrac ROQ job (parent/off-grid row) -> plan unchanged
(no wave tag),Faulkner County,AR,CA-9806,Faulkner County-NONE-CA-9806-Construction Area - Mayflower Aerial Redesign,,,(no ROQ job),35.76,29.15,29.15,1363.0,1336.0,1336.0,0.0,0.0,0.0,"newborn_hi_only, newborn_status_held_open",No Contrac ROQ job (parent/off-grid row) -> plan unchanged
(no wave tag),Jefferson Davis Parish,LA,CA-9808,Jefferson Davis Parish-NONE-CA-9808-Construction Area - Iowa Service Area,NO,,(no ROQ job),78.97,78.97,78.97,1705.0,1705.0,1705.0,558.0,558.0,558.0,"newborn_hi_only, newborn_status_strong",No Contrac ROQ job (parent/off-grid row) -> plan unchanged
(no wave tag),Jefferson Davis Parish,LA,CA-9810,Jefferson Davis Parish-NONE-CA-9810-Construction Area - Fenton Service Area,NO,,(no ROQ job),88.44,88.44,88.44,560.0,560.0,560.0,10.0,10.0,10.0,"newborn_hi_only, newborn_status_strong",No Contrac ROQ job (parent/off-grid row) -> plan unchanged
(no wave tag),Jefferson Davis Parish,LA,DA-10946,Jefferson Davis Parish-NONE-DA-10946-APPROVEDDESIGNAREAS - None,NO,,(no ROQ job),0.0,0.0,0.0,137.0,137.0,137.0,0.0,0.0,0.0,no_hi_identity,No Contrac ROQ job (parent/off-grid row) -> plan unchanged
(no wave tag),Jefferson Davis Parish,LA,DA-10947,Jefferson Davis Parish-NONE-DA-10947-APPROVEDDESIGNAREAS - None,NO,,(no ROQ job),0.0,0.0,0.0,6.0,6.0,6.0,5.0,5.0,5.0,,No Contrac ROQ job (parent/off-grid row) -> plan unchanged
(no wave tag),Jefferson Davis Parish,LA,DA-11339,"Jefferson Davis Parish-NONE-DA-11339-APPROVEDDESIGNAREAS - Welsh, LA",NO,,(no ROQ job),0.0,0.0,0.0,68.0,68.0,68.0,0.0,0.0,0.0,no_hi_identity,No Contrac ROQ job (parent/off-grid row) -> plan unchanged
(no wave tag),Lafayette Parish,LA,DA-10974,Lafayette Parish-NONE-DA-10974-APPROVEDDESIGNAREAS - Lafayette-4,,,(no ROQ job),0.68,0.68,0.68,4.0,4.0,4.0,3.0,3.0,3.0,"newborn_hi_only, newborn_status_held_open",No Contrac ROQ job (parent/off-grid row) -> plan unchanged
(no wave tag),Natchitoches Parish,LA,CA-9387,Natchitoches Parish-NONE-CA-9387-Construction Area - Natchitoches E-Rate Connector,,,(no ROQ job),27.23,27.23,27.23,358.0,358.0,358.0,1.0,1.0,1.0,,No Contrac ROQ job (parent/off-grid row) -> plan unchanged
(no wave tag),Pearl River County,MS,CA-3272,Pearl River County-NONE-CA-3272-Construction Area - West Poplarville,NO,,(no ROQ job),8.05,7.35,7.35,238.0,238.0,238.0,0.0,0.0,0.0,,No Contrac ROQ job (parent/off-grid row) -> plan unchanged
(no wave tag),Rapides Parish,LA,DA-10951,Rapides Parish-NONE-DA-10951-APPROVEDDESIGNAREAS - Rapides Southeast,,,(no ROQ job),0.0,0.0,0.0,2.0,2.0,2.0,1.0,1.0,1.0,,No Contrac ROQ job (parent/off-grid row) -> plan unchanged
(no wave tag),Sabine Parish,LA,DA-6870,Sabine Parish-NONE-DA-6870-APPROVEDDESIGNAREAS - Toledo Bend,,,(no ROQ job),0.0,0.0,0.0,3.0,3.0,3.0,0.0,0.0,0.0,"newborn_hi_only, newborn_status_held_open",No Contrac ROQ job (parent/off-grid row) -> plan unchanged
(no wave tag),St. Tammany Parish,LA,CDA-28963,St. Tammany Parish-NONE-CDA-28963-Stat Area - 2029 - CDA-28963,NO,,(no ROQ job),178.42,178.42,178.42,7769.0,7769.0,7769.0,0.0,0.0,0.0,,No Contrac ROQ job (parent/off-grid row) -> plan unchanged
(no wave tag),Tangipahoa Parish,LA,CDA-28955,Tangipahoa Parish-NONE-CDA-28955-Stat Area - 2030 - CDA-28955,NO,,(no ROQ job),277.94,277.94,277.94,9662.0,9662.0,9662.0,0.0,0.0,0.0,,No Contrac ROQ job (parent/off-grid row) -> plan unchanged
(no wave tag),Vernon Parish,LA,CDA-29047,Vernon Parish-NONE-CDA-29047-Stat Area - 2027 - CDA-29047,,,(no ROQ job),0.0,0.0,0.0,6.0,6.0,6.0,0.0,0.0,0.0,"newborn_hi_only, newborn_status_held_open",No Contrac ROQ job (parent/off-grid row) -> plan unchanged
(no wave tag),Webster Parish,LA,DA-10964,Webster Parish-NONE-DA-10964-APPROVEDDESIGNAREAS - Webster North,,,(no ROQ job),0.82,0.82,0.82,3.0,3.0,3.0,0.0,0.0,0.0,,No Contrac ROQ job (parent/off-grid row) -> plan unchanged
(no wave tag),Webster Parish,LA,DA-10980,Webster Parish-NONE-DA-10980-APPROVEDDESIGNAREAS - Webster-1,,,(no ROQ job),0.0,0.0,0.0,343.0,343.0,343.0,21.0,21.0,21.0,"newborn_hi_only, newborn_status_held_open",No Contrac ROQ job (parent/off-grid row) -> plan unchanged
(no wave tag),Wilkinson County,MS,CA-9802,Wilkinson County-NONE-CA-9802-Construction Area - Wilkinson County Park,,,(no ROQ job),3.11,3.11,3.11,27.0,27.0,27.0,0.0,0.0,0.0,"newborn_hi_only, newborn_status_held_open",No Contrac ROQ job (parent/off-grid row) -> plan unchanged
Wave 1 (Tom/Ben),Acadia Parish,LA,CDA-25744,Acadia Parish-NONE-CDA-25744-Stat Area - 2026 - CDA-25744,YES,not_started,(no ROQ job),6.52,6.52,6.52,4519.0,4519.0,4519.0,48.0,48.0,48.0,"wave1_pinned_authority, wave1_ic_remain_from_now, parent_never_active",No Contrac ROQ job (parent/off-grid row) -> plan unchanged
Wave 1 (Tom/Ben),Acadia Parish,LA,CDA-25746,Acadia Parish-NONE-CDA-25746-Stat Area - 2026 - CDA-25746,YES,not_started,(no ROQ job),148.26,148.26,148.26,9066.0,9066.0,9066.0,813.0,813.0,813.0,"wave1_pinned_authority, wave1_ic_remain_from_now, parent_never_active",No Contrac ROQ job (parent/off-grid row) -> plan unchanged
Wave 1 (Tom/Ben),Acadia Parish,LA,DA-10517,Acadia Parish-NONE-DA-10517-APPROVEDDESIGNAREAS - Acadia Parish,YES,not_started,(no ROQ job),35.53,35.53,35.53,688.0,688.0,688.0,33.0,33.0,33.0,"wave1_pinned_authority, wave1_ic_remain_from_now, parent_resized_after_child, parent_never_active",No Contrac ROQ job (parent/off-grid row) -> plan unchanged
Wave 1 (Tom/Ben),Acadia Parish,LA,DA-10977,Acadia Parish-NONE-DA-10977-APPROVEDDESIGNAREAS - Acadia-1,YES,,(no ROQ job),1.1,1.1,1.1,105.0,105.0,105.0,12.0,12.0,12.0,"newborn_hi_only, newborn_status_borderline, wave1_habit_resize, wave1_2026_q4_retime, parent_polygon_volume_review",No Contrac ROQ job (parent/off-grid row) -> plan unchanged
Wave 1 (Tom/Ben),Adams County,MS,CA-3900,Adams County-NONE-CA-3900-Construction Area - Ferriday,YES,complete,Complete,96.2,7.92,4.01,5282.0,10.0,0.0,392.0,0.7,0.0,wave1_pinned_authority,Contrac Complete -> 0 remaining (display-only; pending formal close-out)
Wave 1 (Tom/Ben),Allen Parish,LA,CA-3932,Allen Parish-NONE-CA-3932-Construction Area - Oberlin,YES,complete,Complete,228.78,7.79,13.84,2447.0,130.0,0.0,35.0,1.9,0.0,wave1_pinned_authority,Contrac Complete -> 0 remaining (display-only; pending formal close-out)
Wave 1 (Tom/Ben),Allen Parish,LA,CA-4224,Allen Parish-NONE-CA-4224-Construction Area - Reeve,YES,complete,Complete,91.26,1.09,3.41,1335.0,9.0,0.0,99.0,0.7,0.0,"aerial_vs_prior_static_disagree, wave1_pinned_authority",Contrac Complete -> 0 remaining (display-only; pending formal close-out)
Wave 1 (Tom/Ben),Allen Parish,LA,CA-5685,Allen Parish-NONE-CA-5685-Construction Area - Oakdale SA Remaining,YES,complete,Complete,15.15,0.0,0.0,159.0,0.0,0.0,10.0,0.0,0.0,wave1_pinned_authority,Contrac Complete -> 0 remaining (display-only; pending formal close-out)
Wave 1 (Tom/Ben),Allen Parish,LA,CA-5692,Allen Parish-NONE-CA-5692-Construction Area - Allen Parish Gumbo Section 1,YES,complete,Complete,47.55,0.69,2.94,3262.0,65.0,0.0,20.0,0.4,0.0,wave1_pinned_authority,Contrac Complete -> 0 remaining (display-only; pending formal close-out)
Wave 1 (Tom/Ben),Allen Parish,LA,CA-8480,Allen Parish-NONE-CA-8480-Construction Area - Jefferson Davis Kinder Transport,YES,in_construction,In Construction,6.95,2.84,2.61,23.0,16.0,-12.1,0.0,0.0,-0.0,wave1_pinned_authority,"Contrac In Construction, 152.6% complete -> prorated"
Wave 1 (Tom/Ben),Allen Parish,LA,CA-8914,Allen Parish-NONE-CA-8914-Construction Area - Allen Gumbo Redesign,YES,complete,(no ROQ job),2.67,0.0,0.0,41.0,0.0,0.0,0.0,0.0,0.0,wave1_pinned_authority,No Contrac ROQ job (parent/off-grid row) -> plan unchanged
Wave 1 (Tom/Ben),Allen Parish,LA,CA-9393,Allen Parish-NONE-CA-9393-Construction Area - FW - EACAM Build 1,YES,,(no ROQ job),324.41,316.35,316.35,3931.0,3931.0,3931.0,2.0,2.0,2.0,"newborn_hi_only, newborn_status_strong",No Contrac ROQ job (parent/off-grid row) -> plan unchanged
Wave 1 (Tom/Ben),Allen Parish,LA,DA-10521,Allen Parish-NONE-DA-10521-APPROVEDDESIGNAREAS - FW - EACAM Build 1,YES,not_started,(no ROQ job),0.0,0.0,0.0,6.0,6.0,6.0,0.0,0.0,0.0,"wave1_retimed_pass1, exhausted_parent_gis_review",No Contrac ROQ job (parent/off-grid row) -> plan unchanged
Wave 1 (Tom/Ben),Allen Parish,LA,DA-6102,Allen Parish-NONE-DA-6102-APPROVEDDESIGNAREAS - Allen South 1,YES,not_started,(no ROQ job),0.04,0.04,0.04,40.0,40.0,40.0,0.0,0.0,0.0,"wave1_retimed_pass1, exhausted_parent_gis_review",No Contrac ROQ job (parent/off-grid row) -> plan unchanged
Wave 1 (Tom/Ben),Amite County,MS,CA-8452,Amite County-NONE-CA-8452-Construction Area - Olio,YES,complete,Complete,46.99,0.92,0.0,429.0,3.0,0.0,5.0,0.0,0.0,wave1_pinned_authority,Contrac Complete -> 0 remaining (display-only; pending formal close-out)
Wave 1 (Tom/Ben),Amite County,MS,CA-8457,Amite County-NONE-CA-8457-Construction Area - Centreville East,YES,complete,Complete,46.06,0.11,1.42,624.0,0.0,0.0,71.0,0.0,0.0,wave1_pinned_authority,Contrac Complete -> 0 remaining (display-only; pending formal close-out)
Wave 1 (Tom/Ben),Amite County,MS,CA-8458,Amite County-NONE-CA-8458-Construction Area - Enterprise to Gloster,YES,complete,Complete,37.51,0.0,0.0,351.0,0.0,0.0,0.0,0.0,0.0,wave1_pinned_authority,Contrac Complete -> 0 remaining (display-only; pending formal close-out)
Wave 1 (Tom/Ben),Amite County,MS,CA-8459,Amite County-NONE-CA-8459-Construction Area - Gloster,YES,complete,Complete,2.34,0.0,0.0,395.0,0.0,0.0,0.0,0.0,0.0,wave1_pinned_authority,Contrac Complete -> 0 remaining (display-only; pending formal close-out)
Wave 1 (Tom/Ben),Amite County,MS,CA-8460,Amite County-NONE-CA-8460-Construction Area - Amite HWY 24,YES,complete,Complete,30.71,0.0,0.0,849.0,0.0,0.0,3.0,0.0,0.0,wave1_pinned_authority,Contrac Complete -> 0 remaining (display-only; pending formal close-out)
Wave 1 (Tom/Ben),Amite County,MS,DA-6881,Amite County-NONE-DA-6881-APPROVEDDESIGNAREAS - CPF_BEAM_Amite,YES,not_started,(no ROQ job),0.0,0.0,0.0,7.0,7.0,7.0,0.0,0.0,0.0,"wave1_retimed_pass1, exhausted_parent_gis_review",No Contrac ROQ job (parent/off-grid row) -> plan unchanged
Wave 1 (Tom/Ben),Amite County,MS,DA-7296,Amite County-NONE-DA-7296-APPROVEDDESIGNAREAS - Olio,YES,not_started,(no ROQ job),0.0,0.0,0.0,5.0,5.0,5.0,0.0,0.0,0.0,"wave1_retimed_pass1, exhausted_parent_gis_review",No Contrac ROQ job (parent/off-grid row) -> plan unchanged
Wave 1 (Tom/Ben),Amite County,MS,DA-7297,Amite County-NONE-DA-7297-APPROVEDDESIGNAREAS - West Gloster,YES,not_started,(no ROQ job),0.0,0.0,0.0,4.0,4.0,4.0,0.0,0.0,0.0,"wave1_retimed_pass1, exhausted_parent_gis_review",No Contrac ROQ job (parent/off-grid row) -> plan unchanged
Wave 1 (Tom/Ben),Ashley County,AR,CA-5689,Ashley County-NONE-CA-5689-Construction Area - Crossett Expansion SA,YES,complete,Complete,91.6,0.1,0.0,2658.0,50.0,0.0,0.0,0.0,0.0,wave1_pinned_authority,Contrac Complete -> 0 remaining (display-only; pending formal close-out)
Wave 1 (Tom/Ben),Ashley County,AR,CA-5690,Ashley County-NONE-CA-5690-Construction Area - Ashley Cabinet SA,YES,complete,Complete,62.56,0.0,0.0,665.0,0.0,0.0,0.0,0.0,0.0,wave1_pinned_authority,Contrac Complete -> 0 remaining (display-only; pending formal close-out)
Wave 1 (Tom/Ben),Ashley County,AR,CA-5691,Ashley County-NONE-CA-5691-Construction Area - Snyder Cabinet SA,YES,complete,Complete,112.48,0.0,23.78,532.0,0.0,0.0,0.0,0.0,0.0,wave1_pinned_authority,Contrac Complete -> 0 remaining (display-only; pending formal close-out)
Wave 1 (Tom/Ben),Ashley County,AR,CA-7300,Ashley County-NONE-CA-7300-Construction Area - Fountain Hill SA,YES,complete,Complete,24.71,0.0,4.64,433.0,0.0,0.0,0.0,0.0,0.0,wave1_pinned_authority,Contrac Complete -> 0 remaining (display-only; pending formal close-out)
Wave 1 (Tom/Ben),Ashley County,AR,CA-7311,Ashley County-NONE-CA-7311-Construction Area - Hamburg SA,YES,complete,Complete,12.3,0.0,0.0,135.0,0.0,0.0,0.0,0.0,0.0,wave1_pinned_authority,Contrac Complete -> 0 remaining (display-only; pending formal close-out)
Wave 1 (Tom/Ben),Ashley County,AR,CA-7393,Ashley County-NONE-CA-7393-Construction Area - Crossett Legacy,YES,complete,(no ROQ job),40.66,0.0,0.0,3248.0,0.0,0.0,0.0,0.0,0.0,wave1_pinned_authority,No Contrac ROQ job (parent/off-grid row) -> plan unchanged
Wave 1 (Tom/Ben),Ashley County,AR,CA-7446,Ashley County-NONE-CA-7446-Construction Area - Portland SA,YES,complete,Complete,11.1,0.0,0.0,191.0,0.0,0.0,0.0,0.0,0.0,wave1_pinned_authority,Contrac Complete -> 0 remaining (display-only; pending formal close-out)
Wave 1 (Tom/Ben),Ashley County,AR,CA-7483,Ashley County-NONE-CA-7483-Construction Area - Parkdale Legacy,YES,complete,(no ROQ job),15.49,0.0,0.0,154.0,0.0,0.0,0.0,0.0,0.0,wave1_pinned_authority,No Contrac ROQ job (parent/off-grid row) -> plan unchanged
Wave 1 (Tom/Ben),Ashley County,AR,CA-7484,Ashley County-NONE-CA-7484-Construction Area - Wilmot Legacy,YES,complete,(no ROQ job),11.45,0.0,0.0,354.0,0.0,0.0,0.0,0.0,0.0,wave1_pinned_authority,No Contrac ROQ job (parent/off-grid row) -> plan unchanged
Wave 1 (Tom/Ben),Ashley County,AR,CA-7485,Ashley County-NONE-CA-7485-Construction Area - Portland Legacy,YES,complete,(no ROQ job),8.5,0.0,0.0,225.0,0.0,0.0,0.0,0.0,0.0,wave1_pinned_authority,No Contrac ROQ job (parent/off-grid row) -> plan unchanged
Wave 1 (Tom/Ben),Ashley County,AR,CA-7537,Ashley County-NONE-CA-7537-Construction Area - Hamburg Legacy,YES,complete,(no ROQ job),27.91,0.0,0.0,1654.0,0.0,0.0,0.0,0.0,0.0,wave1_pinned_authority,No Contrac ROQ job (parent/off-grid row) -> plan unchanged
Wave 1 (Tom/Ben),Ashley County,AR,CA-8026,Ashley County-NONE-CA-8026-Construction Area - Ashley Co RDOF Remaining,YES,complete,Complete,5.37,4.99,0.0,17.0,17.0,0.0,0.0,0.0,0.0,wave1_pinned_authority,Contrac Complete -> 0 remaining (display-only; pending formal close-out)
Wave 1 (Tom/Ben),Ashley County,AR,DA-5301,Ashley County-NONE-DA-5301-APPROVEDDESIGNAREAS - Ashley County RDOF,YES,not_started,(no ROQ job),0.0,0.0,0.0,1.0,0.0,0.0,0.0,0.0,0.0,"wave1_retimed_pass1, exhausted_parent_gis_review",No Contrac ROQ job (parent/off-grid row) -> plan unchanged
Wave 1 (Tom/Ben),Avoyelles Parish,LA,CA-402,Avoyelles Parish-NONE-CA-402-Construction Area - Marksville,YES,complete,Complete,137.33,3.93,0.0,7217.0,49.0,0.0,983.0,6.7,0.0,"aerial_vs_prior_static_disagree, wave1_pinned_authority",Contrac Complete -> 0 remaining (display-only; pending formal close-out)
Wave 1 (Tom/Ben),Avoyelles Parish,LA,CA-403,Avoyelles Parish-NONE-CA-403-Construction Area - Mansura,YES,complete,Complete,162.73,11.98,0.0,5247.0,91.0,0.0,690.0,12.0,0.0,"aerial_vs_prior_static_disagree, wave1_pinned_authority",Contrac Complete -> 0 remaining (display-only; pending formal close-out)
Wave 1 (Tom/Ben),Avoyelles Parish,LA,CA-4884,Avoyelles Parish-NONE-CA-4884-Construction Area - Bunkie - SA Remaining,YES,complete,Complete,47.13,1.88,0.0,543.0,4.0,0.0,51.0,0.4,0.0,wave1_pinned_authority,Contrac Complete -> 0 remaining (display-only; pending formal close-out)
Wave 1 (Tom/Ben),Avoyelles Parish,LA,CA-8427,Avoyelles Parish-NONE-CA-8427-Construction Area - Avoyelles - RDOF Section 4,YES,complete,Complete,14.36,0.0,0.0,312.0,0.0,0.0,71.0,0.0,0.0,wave1_pinned_authority,Contrac Complete -> 0 remaining (display-only; pending formal close-out)
Wave 1 (Tom/Ben),Avoyelles Parish,LA,CA-86,Avoyelles Parish-NONE-CA-86-Construction Area - Avoyelles - Gumbo Section 1 - Outer Hessmer 1,YES,complete,Complete,8.7,0.0,0.15,329.0,0.0,0.0,56.0,0.0,0.0,wave1_pinned_authority,Contrac Complete -> 0 remaining (display-only; pending formal close-out)
Wave 1 (Tom/Ben),Avoyelles Parish,LA,CA-8934,Avoyelles Parish-NONE-CA-8934-Construction Area - Avoyelles Extended North,YES,in_construction,(no ROQ job),69.36,69.36,69.36,1231.0,1231.0,1231.0,592.0,592.0,592.0,"wave1_pinned_authority, operator_restored_williams_v825",No Contrac ROQ job (parent/off-grid row) -> plan unchanged
Wave 1 (Tom/Ben),Avoyelles Parish,LA,CA-9370,Avoyelles Parish-NONE-CA-9370-Construction Area - Tunica-Biloxi Reservation,YES,complete,(no ROQ job),3.57,0.0,0.0,149.0,0.0,0.0,22.0,0.0,0.0,wave1_pinned_authority,No Contrac ROQ job (parent/off-grid row) -> plan unchanged
Wave 1 (Tom/Ben),Avoyelles Parish,LA,CA-97,Avoyelles Parish-NONE-CA-97-Construction Area - Avoyelles Gumbo Section 2 - Bunkie,YES,complete,(no ROQ job),33.68,0.0,0.0,2520.0,0.0,0.0,94.0,0.0,0.0,wave1_pinned_authority,No Contrac ROQ job (parent/off-grid row) -> plan unchanged
Wave 1 (Tom/Ben),Avoyelles Parish,LA,CDA-28975,Avoyelles Parish-NONE-CDA-28975-Stat Area - 2027 - CDA-28975,YES,not_started,(no ROQ job),14.93,14.93,14.93,349.0,349.0,349.0,129.0,129.0,129.0,"wave1_pinned_authority, wave1_ic_remain_from_now, parent_never_active",No Contrac ROQ job (parent/off-grid row) -> plan unchanged
Wave 1 (Tom/Ben),Avoyelles Parish,LA,CDA-28977,Avoyelles Parish-NONE-CDA-28977-Stat Area - 2027 - CDA-28977,YES,not_started,(no ROQ job),1.44,1.44,1.44,18.0,16.0,16.0,15.0,13.3,13.3,"wave1_retimed_pass1, wave1_habit_resize, wave1_2026_q4_retime",No Contrac ROQ job (parent/off-grid row) -> plan unchanged
Wave 1 (Tom/Ben),Avoyelles Parish,LA,CDA-28979,Avoyelles Parish-NONE-CDA-28979-Stat Area - 2026 - CDA-28979,YES,not_started,(no ROQ job),0.0,0.0,0.0,20.0,20.0,20.0,0.0,0.0,0.0,"wave1_retimed_pass1, exhausted_parent_gis_review",No Contrac ROQ job (parent/off-grid row) -> plan unchanged
Wave 1 (Tom/Ben),Avoyelles Parish,LA,CDA-29084,Avoyelles Parish-NONE-CDA-29084-Stat Area - 2027 - CDA-29084,YES,not_started,(no ROQ job),0.0,0.0,0.0,1.0,1.0,1.0,0.0,0.0,0.0,"wave1_retimed_pass1, exhausted_parent_gis_review",No Contrac ROQ job (parent/off-grid row) -> plan unchanged
Wave 1 (Tom/Ben),Avoyelles Parish,LA,CDA-29092,Avoyelles Parish-NONE-CDA-29092-Stat Area - 2027 - CDA-29092,YES,not_started,(no ROQ job),0.0,0.0,0.0,4.0,4.0,4.0,0.0,0.0,0.0,"wave1_retimed_pass1, exhausted_parent_gis_review",No Contrac ROQ job (parent/off-grid row) -> plan unchanged
Wave 1 (Tom/Ben),Avoyelles Parish,LA,CDA-29093,Avoyelles Parish-NONE-CDA-29093-Stat Area - 2027 - CDA-29093,YES,not_started,(no ROQ job),0.0,0.0,0.0,11.0,11.0,11.0,0.0,0.0,0.0,"wave1_retimed_pass1, exhausted_parent_gis_review",No Contrac ROQ job (parent/off-grid row) -> plan unchanged
Wave 1 (Tom/Ben),Avoyelles Parish,LA,CDA-29094,Avoyelles Parish-NONE-CDA-29094-Stat Area - 2026 - CDA-29094,YES,not_started,(no ROQ job),0.0,0.0,0.0,3.0,3.0,3.0,1.0,1.0,1.0,"wave1_retimed_pass1, exhausted_parent_gis_review",No Contrac ROQ job (parent/off-grid row) -> plan unchanged
Wave 1 (Tom/Ben),Avoyelles Parish,LA,DA-3676,Avoyelles Parish-NONE-DA-3676-APPROVEDDESIGNAREAS - Avoyelles - RDOF Section 4,YES,not_started,(no ROQ job),0.0,0.0,0.0,3.0,3.0,3.0,2.0,2.0,2.0,"wave1_retimed_pass1, exhausted_parent_gis_review",No Contrac ROQ job (parent/off-grid row) -> plan unchanged
Wave 1 (Tom/Ben),Avoyelles Parish,LA,DA-6808,Avoyelles Parish-NONE-DA-6808-APPROVEDDESIGNAREAS - Avoyelles Extended North,YES,not_started,(no ROQ job),0.0,0.0,0.0,22.0,22.0,22.0,8.0,8.0,8.0,"wave1_retimed_pass1, wave1_bucket_a_williams_2026, exhausted_parent_gis_review",No Contrac ROQ job (parent/off-grid row) -> plan unchanged
Wave 1 (Tom/Ben),Beauregard Parish,LA,CA-7554,Beauregard Parish-NONE-CA-7554-Construction Area - Merryville Priority 1,YES,complete,Complete,12.48,0.02,1.81,255.0,2.0,0.0,45.0,0.4,0.0,wave1_pinned_authority,Contrac Complete -> 0 remaining (display-only; pending formal close-out)
Wave 1 (Tom/Ben),Beauregard Parish,LA,CA-7555,Beauregard Parish-NONE-CA-7555-Construction Area - Ragley to Dequincy,YES,complete,Complete,17.93,0.0,0.0,179.0,1.0,0.0,11.0,0.1,0.0,wave1_pinned_authority,Contrac Complete -> 0 remaining (display-only; pending formal close-out)
Wave 1 (Tom/Ben),Beauregard Parish,LA,CA-7556,Beauregard Parish-NONE-CA-7556-Construction Area - Ragley to Reeves,YES,complete,Complete,14.02,0.0,0.51,115.0,6.0,0.0,63.0,3.3,0.0,wave1_pinned_authority,Contrac Complete -> 0 remaining (display-only; pending formal close-out)
Wave 1 (Tom/Ben),Beauregard Parish,LA,CA-7557,Beauregard Parish-NONE-CA-7557-Construction Area - South Deridder to Ragley,YES,complete,Complete,38.62,0.0,3.23,659.0,6.0,0.0,198.0,1.8,0.0,wave1_pinned_authority,Contrac Complete -> 0 remaining (display-only; pending formal close-out)
Wave 1 (Tom/Ben),Beauregard Parish,LA,CA-7558,Beauregard Parish-NONE-CA-7558-Construction Area - North HWY 190,YES,complete,Complete,26.72,0.0,0.0,498.0,0.0,0.0,32.0,0.0,0.0,wave1_pinned_authority,Contrac Complete -> 0 remaining (display-only; pending formal close-out)
Wave 1 (Tom/Ben),Beauregard Parish,LA,CA-7559,Beauregard Parish-NONE-CA-7559-Construction Area - Shinn Road,YES,complete,Complete,7.98,0.0,0.0,63.0,0.0,0.0,0.0,0.0,0.0,wave1_pinned_authority,Contrac Complete -> 0 remaining (display-only; pending formal close-out)
Wave 1 (Tom/Ben),Beauregard Parish,LA,CA-7560,Beauregard Parish-NONE-CA-7560-Construction Area - Bennett Pit Rd and Eaves Loop,YES,complete,Complete,5.75,0.0,1.31,58.0,0.0,0.0,0.0,0.0,0.0,wave1_pinned_authority,Contrac Complete -> 0 remaining (display-only; pending formal close-out)
Wave 1 (Tom/Ben),Beauregard Parish,LA,CA-7561,Beauregard Parish-NONE-CA-7561-Construction Area - Sand Lake Rd,YES,complete,Complete,4.71,0.0,0.35,66.0,0.0,0.0,8.0,0.0,0.0,wave1_pinned_authority,Contrac Complete -> 0 remaining (display-only; pending formal close-out)
Wave 1 (Tom/Ben),Beauregard Parish,LA,CA-7562,Beauregard Parish-NONE-CA-7562-Construction Area - Cooper St,YES,complete,Complete,1.35,0.0,0.0,69.0,0.0,0.0,12.0,0.0,0.0,wave1_pinned_authority,Contrac Complete -> 0 remaining (display-only; pending formal close-out)
Wave 1 (Tom/Ben),Beauregard Parish,LA,CA-7564,Beauregard Parish-NONE-CA-7564-Construction Area - Merryville to Oreta pt 1,YES,complete,Complete,36.45,0.47,3.04,546.0,0.0,0.0,38.0,0.0,0.0,wave1_pinned_authority,Contrac Complete -> 0 remaining (display-only; pending formal close-out)
Wave 1 (Tom/Ben),Beauregard Parish,LA,CA-7565,Beauregard Parish-NONE-CA-7565-Construction Area - South Merryville,YES,complete,Complete,3.12,0.02,0.0,138.0,2.0,0.0,95.0,1.4,0.0,wave1_pinned_authority,Contrac Complete -> 0 remaining (display-only; pending formal close-out)
Wave 1 (Tom/Ben),Beauregard Parish,LA,CA-7566,Beauregard Parish-NONE-CA-7566-Construction Area - Rosepine to South Deridder,YES,complete,Complete,16.96,1.94,1.22,381.0,0.0,0.0,0.0,0.0,0.0,wave1_pinned_authority,Contrac Complete -> 0 remaining (display-only; pending formal close-out)
Wave 1 (Tom/Ben),Beauregard Parish,LA,CA-7567,Beauregard Parish-NONE-CA-7567-Construction Area - South of HWY 26,YES,complete,Complete,7.51,0.0,0.0,217.0,0.0,0.0,0.0,0.0,0.0,wave1_pinned_authority,Contrac Complete -> 0 remaining (display-only; pending formal close-out)
Wave 1 (Tom/Ben),Beauregard Parish,LA,CA-7570,Beauregard Parish-NONE-CA-7570-Construction Area - Merryville to Oreta pt 2,YES,complete,Complete,30.11,0.0,1.94,185.0,0.0,0.0,18.0,0.0,0.0,wave1_pinned_authority,Contrac Complete -> 0 remaining (display-only; pending formal close-out)
Wave 1 (Tom/Ben),Beauregard Parish,LA,CA-7571,Beauregard Parish-NONE-CA-7571-Construction Area - Ewell Cooley Rd,YES,complete,Complete,9.64,1.16,0.9,175.0,0.0,0.0,0.0,0.0,0.0,wave1_pinned_authority,Contrac Complete -> 0 remaining (display-only; pending formal close-out)
Wave 1 (Tom/Ben),Beauregard Parish,LA,CA-7572,Beauregard Parish-NONE-CA-7572-Construction Area - South Deridder East,YES,complete,Complete,9.79,0.0,0.99,186.0,1.0,0.0,8.0,0.0,0.0,wave1_pinned_authority,Contrac Complete -> 0 remaining (display-only; pending formal close-out)
Wave 1 (Tom/Ben),Beauregard Parish,LA,CA-7573,Beauregard Parish-NONE-CA-7573-Construction Area - South HWY 26 p2,YES,complete,Complete,8.05,0.0,0.0,152.0,0.0,0.0,1.0,0.0,0.0,wave1_pinned_authority,Contrac Complete -> 0 remaining (display-only; pending formal close-out)
Wave 1 (Tom/Ben),Beauregard Parish,LA,CA-7595,Beauregard Parish-NONE-CA-7595-Construction Area - Lumas Road,YES,complete,Complete,10.59,0.0,0.0,199.0,0.0,0.0,12.0,0.0,0.0,wave1_pinned_authority,Contrac Complete -> 0 remaining (display-only; pending formal close-out)
Wave 1 (Tom/Ben),Beauregard Parish,LA,CA-7596,Beauregard Parish-NONE-CA-7596-Construction Area - HWY 394 pt 2,YES,complete,Complete,9.14,0.0,0.69,202.0,0.0,0.0,4.0,0.0,0.0,wave1_pinned_authority,Contrac Complete -> 0 remaining (display-only; pending formal close-out)
Wave 1 (Tom/Ben),Beauregard Parish,LA,CA-7597,Beauregard Parish-NONE-CA-7597-Construction Area - HWY 394 pt 1,YES,complete,Complete,4.33,0.0,0.0,151.0,0.0,0.0,0.0,0.0,0.0,wave1_pinned_authority,Contrac Complete -> 0 remaining (display-only; pending formal close-out)
Wave 1 (Tom/Ben),Beauregard Parish,LA,CA-7598,Beauregard Parish-NONE-CA-7598-Construction Area - Grabow West,YES,complete,Complete,22.01,0.0,0.0,225.0,1.0,0.0,38.0,0.2,0.0,wave1_pinned_authority,Contrac Complete -> 0 remaining (display-only; pending formal close-out)
Wave 1 (Tom/Ben),Beauregard Parish,LA,CA-7599,Beauregard Parish-NONE-CA-7599-Construction Area - Grabow South,YES,complete,Complete,13.93,0.58,0.0,276.0,0.0,0.0,28.0,0.0,0.0,wave1_pinned_authority,Contrac Complete -> 0 remaining (display-only; pending formal close-out)
Wave 1 (Tom/Ben),Beauregard Parish,LA,CA-7600,Beauregard Parish-NONE-CA-7600-Construction Area - Granberry Rd,YES,complete,Complete,4.06,0.56,0.0,179.0,0.0,0.0,38.0,0.0,0.0,wave1_pinned_authority,Contrac Complete -> 0 remaining (display-only; pending formal close-out)
Wave 1 (Tom/Ben),Beauregard Parish,LA,CA-7601,Beauregard Parish-NONE-CA-7601-Construction Area - Ball Rd,YES,complete,Complete,5.3,0.0,0.75,56.0,0.0,0.0,0.0,0.0,0.0,wave1_pinned_authority,Contrac Complete -> 0 remaining (display-only; pending formal close-out)
Wave 1 (Tom/Ben),Beauregard Parish,LA,CA-7602,Beauregard Parish-NONE-CA-7602-Construction Area - Mennonite Rd,YES,complete,Complete,8.74,1.76,0.65,151.0,20.0,0.0,2.0,0.3,0.0,wave1_pinned_authority,Contrac Complete -> 0 remaining (display-only; pending formal close-out)
Wave 1 (Tom/Ben),Beauregard Parish,LA,CA-7603,Beauregard Parish-NONE-CA-7603-Construction Area - Hauser Rd,YES,complete,Complete,13.78,0.0,0.0,210.0,0.0,0.0,12.0,0.0,0.0,wave1_pinned_authority,Contrac Complete -> 0 remaining (display-only; pending formal close-out)
Wave 1 (Tom/Ben),Beauregard Parish,LA,CA-7604,Beauregard Parish-NONE-CA-7604-Construction Area - Carson,YES,complete,Complete,14.15,0.0,0.02,177.0,0.0,0.0,30.0,0.0,0.0,wave1_pinned_authority,Contrac Complete -> 0 remaining (display-only; pending formal close-out)
Wave 1 (Tom/Ben),Beauregard Parish,LA,CA-7605,Beauregard Parish-NONE-CA-7605-Construction Area - Singer,YES,complete,Complete,10.42,0.0,0.0,122.0,1.0,0.0,2.0,0.0,0.0,wave1_pinned_authority,Contrac Complete -> 0 remaining (display-only; pending formal close-out)
Wave 1 (Tom/Ben),Beauregard Parish,LA,CA-7606,Beauregard Parish-NONE-CA-7606-Construction Area - Singer East,YES,complete,Complete,27.26,0.0,0.0,277.0,0.0,0.0,19.0,0.0,0.0,wave1_pinned_authority,Contrac Complete -> 0 remaining (display-only; pending formal close-out)
Wave 1 (Tom/Ben),Beauregard Parish,LA,CA-7607,Beauregard Parish-NONE-CA-7607-Construction Area - Juanita,YES,complete,Complete,14.86,0.0,0.0,173.0,1.0,0.0,42.0,0.2,0.0,wave1_pinned_authority,Contrac Complete -> 0 remaining (display-only; pending formal close-out)
Wave 1 (Tom/Ben),Beauregard Parish,LA,CA-7608,Beauregard Parish-NONE-CA-7608-Construction Area - Oreta,YES,complete,Complete,11.67,0.0,0.0,191.0,0.0,0.0,33.0,0.0,0.0,wave1_pinned_authority,Contrac Complete -> 0 remaining (display-only; pending formal close-out)
Wave 1 (Tom/Ben),Beauregard Parish,LA,CA-7609,Beauregard Parish-NONE-CA-7609-Construction Area - Aaron Williams Rd,YES,complete,Complete,11.68,0.0,0.0,49.0,0.0,0.0,11.0,0.0,0.0,wave1_pinned_authority,Contrac Complete -> 0 remaining (display-only; pending formal close-out)
Wave 1 (Tom/Ben),Beauregard Parish,LA,CA-7610,Beauregard Parish-NONE-CA-7610-Construction Area - HWY 389 to Calcasieu,YES,complete,Complete,8.86,0.24,0.0,51.0,25.0,0.0,5.0,2.5,0.0,wave1_pinned_authority,Contrac Complete -> 0 remaining (display-only; pending formal close-out)
Wave 1 (Tom/Ben),Beauregard Parish,LA,CA-7611,Beauregard Parish-NONE-CA-7611-Construction Area - Pullin Rd,YES,complete,Complete,9.32,0.0,0.0,172.0,0.0,0.0,73.0,0.0,0.0,wave1_pinned_authority,Contrac Complete -> 0 remaining (display-only; pending formal close-out)
Wave 1 (Tom/Ben),Beauregard Parish,LA,CA-7612,Beauregard Parish-NONE-CA-7612-Construction Area - Newt Hodges Rd,YES,complete,Complete,5.4,3.82,1.51,139.0,96.0,0.0,97.0,67.0,0.0,wave1_pinned_authority,Contrac Complete -> 0 remaining (display-only; pending formal close-out)
Wave 1 (Tom/Ben),Beauregard Parish,LA,CA-8425,Beauregard Parish-NONE-CA-8425-Construction Area - Southwest Beauregard,YES,complete,Complete,38.66,1.64,4.73,331.0,0.0,0.0,11.0,0.0,0.0,wave1_pinned_authority,Contrac Complete -> 0 remaining (display-only; pending formal close-out)
Wave 1 (Tom/Ben),Beauregard Parish,LA,CA-8428,Beauregard Parish-NONE-CA-8428-Construction Area - East Longville,YES,complete,Complete,13.85,2.69,3.05,175.0,4.0,0.0,67.0,1.5,0.0,wave1_pinned_authority,Contrac Complete -> 0 remaining (display-only; pending formal close-out)
Wave 1 (Tom/Ben),Beauregard Parish,LA,CA-8429,Beauregard Parish-NONE-CA-8429-Construction Area - West Longville,YES,complete,Complete,13.23,5.03,2.57,221.0,108.0,0.0,83.0,40.6,0.0,wave1_pinned_authority,Contrac Complete -> 0 remaining (display-only; pending formal close-out)
Wave 1 (Tom/Ben),Beauregard Parish,LA,CA-8430,Beauregard Parish-NONE-CA-8430-Construction Area - S A Cooley Rd,YES,complete,Complete,16.49,0.11,1.15,391.0,26.0,0.0,223.0,14.8,0.0,wave1_pinned_authority,Contrac Complete -> 0 remaining (display-only; pending formal close-out)
Wave 1 (Tom/Ben),Beauregard Parish,LA,CA-8431,Beauregard Parish-NONE-CA-8431-Construction Area - Sellers Rd,YES,complete,Complete,11.3,0.0,0.42,152.0,0.0,0.0,56.0,0.0,0.0,wave1_pinned_authority,Contrac Complete -> 0 remaining (display-only; pending formal close-out)
Wave 1 (Tom/Ben),Beauregard Parish,LA,CA-8435,Beauregard Parish-NONE-CA-8435-Construction Area - Texas Eastern Rd,YES,complete,Complete,2.58,0.0,0.0,54.0,0.0,0.0,38.0,0.0,0.0,wave1_pinned_authority,Contrac Complete -> 0 remaining (display-only; pending formal close-out)
Wave 1 (Tom/Ben),Beauregard Parish,LA,CA-8436,Beauregard Parish-NONE-CA-8436-Construction Area - Briar Marsh Rd,YES,complete,Complete,9.03,1.17,2.21,238.0,0.0,0.0,122.0,0.0,0.0,wave1_pinned_authority,Contrac Complete -> 0 remaining (display-only; pending formal close-out)
Wave 1 (Tom/Ben),Beauregard Parish,LA,CA-8437,Beauregard Parish-NONE-CA-8437-Construction Area - Camp Edgewood Rd,YES,complete,Complete,22.08,0.0,0.77,338.0,0.0,0.0,86.0,0.0,0.0,wave1_pinned_authority,Contrac Complete -> 0 remaining (display-only; pending formal close-out)
Wave 1 (Tom/Ben),Beauregard Parish,LA,CA-8438,Beauregard Parish-NONE-CA-8438-Construction Area - Ragley,YES,complete,Complete,32.65,1.11,3.43,774.0,25.0,0.0,500.0,16.1,0.0,wave1_pinned_authority,Contrac Complete -> 0 remaining (display-only; pending formal close-out)
Wave 1 (Tom/Ben),Beauregard Parish,LA,CDA-28545,Beauregard Parish-NONE-CDA-28545-Stat Area - 2026 - CDA-28545,YES,not_started,(no ROQ job),0.39,0.39,0.39,0.0,0.0,0.0,0.0,0.0,0.0,"wave1_pinned_authority, wave1_bucket_b_pack_2027, wave1_2027_spread",No Contrac ROQ job (parent/off-grid row) -> plan unchanged
Wave 1 (Tom/Ben),Beauregard Parish,LA,DA-6739,Beauregard Parish-NONE-DA-6739-APPROVEDDESIGNAREAS - Oretta Design Area,YES,not_started,(no ROQ job),0.0,0.0,0.0,2.0,1.0,1.0,0.0,0.0,0.0,"wave1_retimed_pass1, exhausted_parent_gis_review",No Contrac ROQ job (parent/off-grid row) -> plan unchanged
Wave 1 (Tom/Ben),Beauregard Parish,LA,DA-6740,Beauregard Parish-NONE-DA-6740-APPROVEDDESIGNAREAS - South Deridder Design Area,YES,not_started,(no ROQ job),0.0,0.0,0.0,23.0,20.0,20.0,5.0,4.3,4.3,"wave1_retimed_pass1, exhausted_parent_gis_review",No Contrac ROQ job (parent/off-grid row) -> plan unchanged
Wave 1 (Tom/Ben),Beauregard Parish,LA,DA-6742,Beauregard Parish-NONE-DA-6742-APPROVEDDESIGNAREAS - Ragley Design Area,YES,not_started,(no ROQ job),0.0,0.0,0.0,7.0,5.0,5.0,4.0,2.9,2.9,"wave1_retimed_pass1, exhausted_parent_gis_review",No Contrac ROQ job (parent/off-grid row) -> plan unchanged
Wave 1 (Tom/Ben),Beauregard Parish,LA,DA-6792,Beauregard Parish-NONE-DA-6792-APPROVEDDESIGNAREAS - Beuregard Central Extended,YES,not_started,(no ROQ job),0.0,0.0,0.0,2.0,2.0,2.0,1.0,1.0,1.0,"wave1_retimed_pass1, exhausted_parent_gis_review",No Contrac ROQ job (parent/off-grid row) -> plan unchanged
Wave 1 (Tom/Ben),Bienville Parish,LA,CA-8941,Bienville Parish-NONE-CA-8941-Construction Area - Bienville RDOF,YES,in_construction,Loaded,42.67,31.81,31.81,595.0,459.0,459.0,129.0,99.5,99.5,wave1_pinned_authority,No Contrac ROQ job (parent/off-grid row) -> plan unchanged
Wave 1 (Tom/Ben),Bienville Parish,LA,DA-10507,Bienville Parish-NONE-DA-10507-APPROVEDDESIGNAREAS - Bienville RDOF,YES,not_started,(no ROQ job),0.0,0.0,0.0,14.0,14.0,14.0,3.0,3.0,3.0,"wave1_pinned_authority, exhausted_parent_gis_review",No Contrac ROQ job (parent/off-grid row) -> plan unchanged
Wave 1 (Tom/Ben),Calcasieu Parish,LA,CA-8433,Calcasieu Parish-NONE-CA-8433-Construction Area - Dequincy Northeast,YES,in_construction,(no ROQ job),7.9,7.9,7.9,350.0,350.0,350.0,37.0,37.0,37.0,"wave1_pinned_authority, wave1_ic_remain_from_now",No Contrac ROQ job (parent/off-grid row) -> plan unchanged
Wave 1 (Tom/Ben),Calcasieu Parish,LA,CA-8434,Calcasieu Parish-NONE-CA-8434-Construction Area - Dequincy Northeast - Beauregard,YES,complete,Complete,3.05,0.4,0.0,95.0,26.0,0.0,29.0,7.9,0.0,wave1_pinned_authority,Contrac Complete -> 0 remaining (display-only; pending formal close-out)
Wave 1 (Tom/Ben),Calcasieu Parish,LA,CA-9797,Calcasieu Parish-NONE-CA-9797-Construction Area - FW - EACAM Build 6,YES,,(no ROQ job),36.48,36.48,36.48,414.0,414.0,414.0,0.0,0.0,0.0,"newborn_hi_only, newborn_status_strong",No Contrac ROQ job (parent/off-grid row) -> plan unchanged
Wave 1 (Tom/Ben),Calcasieu Parish,LA,CDA-28562,Calcasieu Parish-NONE-CDA-28562-Stat Area - 2027 - CDA-28562,YES,not_started,(no ROQ job),84.19,84.19,84.19,2138.0,2138.0,2138.0,545.0,545.0,545.0,"wave1_retimed_pass1, wave1_habit_resize, wave1_2026_q4_retime",No Contrac ROQ job (parent/off-grid row) -> plan unchanged
Wave 1 (Tom/Ben),Calcasieu Parish,LA,DA-10527,Calcasieu Parish-NONE-DA-10527-APPROVEDDESIGNAREAS - FW - EACAM Build 6,YES,not_started,(no ROQ job),0.0,0.0,0.0,1.0,1.0,1.0,0.0,0.0,0.0,"wave1_retimed_pass1, exhausted_parent_gis_review",No Contrac ROQ job (parent/off-grid row) -> plan unchanged
Wave 1 (Tom/Ben),Calcasieu Parish,LA,DA-6759,Calcasieu Parish-NONE-DA-6759-APPROVEDDESIGNAREAS - Dequincy North Transport,YES,not_started,(no ROQ job),0.0,0.0,0.0,1.0,1.0,1.0,0.0,0.0,0.0,"wave1_pinned_authority, wave1_bucket_b_pack_2027, wave1_2027_spread, exhausted_parent_gis_review",No Contrac ROQ job (parent/off-grid row) -> plan unchanged
Wave 1 (Tom/Ben),Cameron Parish,LA,CA-9796,Cameron Parish-NONE-CA-9796-Construction Area - FW - EACAM Build 3,YES,,(no ROQ job),184.05,184.05,184.05,1752.0,1752.0,1752.0,0.0,0.0,0.0,"newborn_hi_only, newborn_status_strong",No Contrac ROQ job (parent/off-grid row) -> plan unchanged
Wave 1 (Tom/Ben),Cameron Parish,LA,DA-10523,Cameron Parish-NONE-DA-10523-APPROVEDDESIGNAREAS - FW - EACAM Build 3,YES,not_started,(no ROQ job),0.0,0.0,0.0,2.0,2.0,2.0,0.0,0.0,0.0,"wave1_retimed_pass1, exhausted_parent_gis_review",No Contrac ROQ job (parent/off-grid row) -> plan unchanged
Wave 1 (Tom/Ben),Catahoula Parish,LA,CA-842,Catahoula Parish-NONE-CA-842-Construction Area - Jonesville South,YES,complete,Complete,20.55,1.76,2.22,236.0,0.0,0.0,2.0,0.0,0.0,wave1_pinned_authority,Contrac Complete -> 0 remaining (display-only; pending formal close-out)
Wave 1 (Tom/Ben),Catahoula Parish,LA,CA-859,Catahoula Parish-NONE-CA-859-Construction Area - Larto,YES,complete,Complete,46.24,0.75,0.67,523.0,27.0,0.0,10.0,0.5,0.0,wave1_pinned_authority,Contrac Complete -> 0 remaining (display-only; pending formal close-out)
Wave 1 (Tom/Ben),Catahoula Parish,LA,CA-918,Catahoula Parish-NONE-CA-918-Construction Area - Catahoula Gumbo Section 1.1,YES,complete,Complete,45.52,0.88,14.29,1273.0,0.0,0.0,4.0,0.0,0.0,wave1_pinned_authority,Contrac Complete -> 0 remaining (display-only; pending formal close-out)
Wave 1 (Tom/Ben),Catahoula Parish,LA,CDA-29100,Catahoula Parish-NONE-CDA-29100-Stat Area - 2026 - CDA-29100,YES,not_started,(no ROQ job),0.5,0.5,0.5,37.0,37.0,37.0,0.0,0.0,0.0,"wave1_pinned_authority, wave1_bucket_b_pack_2027, wave1_2027_spread",No Contrac ROQ job (parent/off-grid row) -> plan unchanged
Wave 1 (Tom/Ben),Chicot County,AR,CA-4486,"Chicot County-NONE-CA-4486-Construction Area - Eudora, AR Mainline",YES,complete,(no ROQ job),35.42,0.0,0.0,1136.0,0.0,0.0,0.0,0.0,0.0,wave1_pinned_authority,No Contrac ROQ job (parent/off-grid row) -> plan unchanged
Wave 1 (Tom/Ben),Concordia Parish,LA,CA-3681,Concordia Parish-NONE-CA-3681-Construction Area - Monterey,YES,complete,Complete,77.84,22.08,33.55,997.0,0.0,0.0,82.0,0.0,0.0,wave1_pinned_authority,Contrac Complete -> 0 remaining (display-only; pending formal close-out)
Wave 1 (Tom/Ben),Concordia Parish,LA,CA-3931,Concordia Parish-NONE-CA-3931-Construction Area - Jonesville Extended,YES,in_construction,In Construction,18.31,1.43,9.51,181.0,28.0,-3.5,10.0,1.5,-0.2,wave1_pinned_authority,"Contrac In Construction, 101.9% complete -> prorated"
Wave 1 (Tom/Ben),Concordia Parish,LA,CDA-26968,Concordia Parish-NONE-CDA-26968-Stat Area - 2026 - CDA-26968,YES,not_started,(no ROQ job),4.14,4.14,4.14,1951.0,1951.0,1951.0,8.0,8.0,8.0,"wave1_retimed_pass1, wave1_habit_resize, wave1_2026_q4_retime",No Contrac ROQ job (parent/off-grid row) -> plan unchanged
Wave 1 (Tom/Ben),Concordia Parish,LA,CDA-26969,Concordia Parish-NONE-CDA-26969-Stat Area - 2026 - CDA-26969,YES,not_started,(no ROQ job),2.77,2.77,2.77,66.0,66.0,66.0,53.0,53.0,53.0,"wave1_retimed_pass1, wave1_habit_resize, wave1_2026_q4_retime",No Contrac ROQ job (parent/off-grid row) -> plan unchanged
Wave 1 (Tom/Ben),Concordia Parish,LA,CDA-26970,Concordia Parish-NONE-CDA-26970-Stat Area - 2026 - CDA-26970,YES,not_started,(no ROQ job),19.8,19.8,19.8,432.0,432.0,432.0,286.0,286.0,286.0,"wave1_retimed_pass1, wave1_habit_resize, wave1_2026_q4_retime",No Contrac ROQ job (parent/off-grid row) -> plan unchanged
Wave 1 (Tom/Ben),Concordia Parish,LA,CDA-29095,Concordia Parish-NONE-CDA-29095-Stat Area - 2026 - CDA-29095,YES,not_started,(no ROQ job),4.93,4.93,4.93,0.0,0.0,0.0,0.0,0.0,0.0,"wave1_retimed_pass1, wave1_habit_resize, wave1_2026_q4_retime",No Contrac ROQ job (parent/off-grid row) -> plan unchanged
Wave 1 (Tom/Ben),Concordia Parish,LA,CDA-29104,Concordia Parish-NONE-CDA-29104-Stat Area - 2026 - CDA-29104,YES,not_started,(no ROQ job),0.0,0.0,0.0,5.0,5.0,5.0,1.0,1.0,1.0,"wave1_retimed_pass1, exhausted_parent_gis_review",No Contrac ROQ job (parent/off-grid row) -> plan unchanged
Wave 1 (Tom/Ben),Covington County,MS,CA-36,Covington County-NONE-CA-36-Construction Area - Collins MS NTIA,YES,complete,(no ROQ job),28.29,0.54,0.54,1342.0,0.0,0.0,0.0,0.0,0.0,wave1_pinned_authority,No Contrac ROQ job (parent/off-grid row) -> plan unchanged
Wave 1 (Tom/Ben),Covington County,MS,CA-8474,Covington County-NONE-CA-8474-Construction Area - CPF_BEAM_MtOlive,YES,complete,Complete,21.45,2.19,1.43,773.0,1.0,0.0,35.0,0.0,0.0,wave1_pinned_authority,Contrac Complete -> 0 remaining (display-only; pending formal close-out)
Wave 1 (Tom/Ben),Covington County,MS,CDA-32562,Covington County-NONE-CDA-32562-Stat Area - 2027 - CDA-32562,YES,not_started,(no ROQ job),0.46,0.46,0.46,10.0,10.0,10.0,2.0,2.0,2.0,"wave1_retimed_pass1, wave1_habit_resize, wave1_2026_q4_retime",No Contrac ROQ job (parent/off-grid row) -> plan unchanged
Wave 1 (Tom/Ben),Covington County,MS,CDA-32563,Covington County-NONE-CDA-32563-Stat Area - 2027 - CDA-32563,YES,not_started,(no ROQ job),5.76,5.76,5.76,68.0,68.0,68.0,17.0,17.0,17.0,"wave1_retimed_pass1, wave1_habit_resize, wave1_2026_q4_retime",No Contrac ROQ job (parent/off-grid row) -> plan unchanged
Wave 1 (Tom/Ben),Covington County,MS,CDA-32564,Covington County-NONE-CDA-32564-Stat Area - 2027 - CDA-32564,YES,not_started,(no ROQ job),67.46,67.46,67.46,952.0,952.0,952.0,678.0,678.0,678.0,"wave1_retimed_pass1, wave1_habit_resize, wave1_2026_q4_retime",No Contrac ROQ job (parent/off-grid row) -> plan unchanged
Wave 1 (Tom/Ben),Covington County,MS,CDA-32579,Covington County-NONE-CDA-32579-Stat Area - 2027 - CDA-32579,YES,not_started,(no ROQ job),0.0,0.0,0.0,3.0,3.0,3.0,1.0,1.0,1.0,"wave1_retimed_pass1, exhausted_parent_gis_review",No Contrac ROQ job (parent/off-grid row) -> plan unchanged
Wave 1 (Tom/Ben),Covington County,MS,DA-6883,Covington County-NONE-DA-6883-APPROVEDDESIGNAREAS - CPF_BEAM_MtOlive,YES,not_started,(no ROQ job),0.0,0.0,0.0,1.0,1.0,1.0,0.0,0.0,0.0,"wave1_retimed_pass1, exhausted_parent_gis_review",No Contrac ROQ job (parent/off-grid row) -> plan unchanged
Wave 1 (Tom/Ben),De Soto Parish,LA,CA-8450,De Soto Parish-NONE-CA-8450-Construction Area - Mansfield South,YES,complete,Complete,78.91,5.42,5.46,787.0,146.0,0.0,179.0,33.2,0.0,"wave1_pinned_authority, legal_hold_desoto_ef, legal_hold_orig_start:2025-05-01",Contrac Complete -> 0 remaining (display-only; pending formal close-out)
Wave 1 (Tom/Ben),De Soto Parish,LA,CA-8454,De Soto Parish-NONE-CA-8454-Construction Area - Mansfield East,YES,complete,Complete,81.1,27.87,19.12,1232.0,802.0,0.0,104.0,67.7,0.0,"wave1_pinned_authority, legal_hold_desoto_ef, legal_hold_orig_start:2025-06-01",Contrac Complete -> 0 remaining (display-only; pending formal close-out)
Wave 1 (Tom/Ben),De Soto Parish,LA,CA-8483,De Soto Parish-NONE-CA-8483-Construction Area - Grand Cane South,YES,in_construction,In Construction,49.09,49.09,14.29,692.0,692.0,201.5,110.0,110.0,32.0,"wave1_pinned_authority, legal_hold_desoto_ef, legal_hold_orig_start:2025-08-01, legal_hold_restart_2028_01","Contrac In Construction, 70.9% complete -> prorated"
Wave 1 (Tom/Ben),De Soto Parish,LA,CA-8484,De Soto Parish-NONE-CA-8484-Construction Area - Longstreet,YES,in_construction,In Construction,97.85,97.85,9.41,741.0,741.0,64.3,61.0,61.0,5.3,"wave1_pinned_authority, legal_hold_desoto_ef, legal_hold_orig_start:2025-08-01, legal_hold_restart_2028_01","Contrac In Construction, 91.3% complete -> prorated"
Wave 1 (Tom/Ben),De Soto Parish,LA,CA-8485,De Soto Parish-NONE-CA-8485-Construction Area - North Grand Cane,YES,in_construction,In Construction,25.55,25.55,0.0,459.0,459.0,-23.5,74.0,74.0,-3.8,"wave1_pinned_authority, legal_hold_desoto_ef, legal_hold_orig_start:2025-10-01, legal_hold_restart_2028_01","Contrac In Construction, 105.1% complete -> prorated"
Wave 1 (Tom/Ben),De Soto Parish,LA,CA-8919,De Soto Parish-NONE-CA-8919-Construction Area - Mansfield West,YES,in_construction,(no ROQ job),48.25,48.25,48.25,755.0,755.0,755.0,150.0,150.0,150.0,"wave1_pinned_authority, operator_restored_williams_v825, legal_hold_desoto_ef, legal_hold_orig_start:2027-05-01, legal_hold_restart_2028_01",No Contrac ROQ job (parent/off-grid row) -> plan unchanged
Wave 1 (Tom/Ben),De Soto Parish,LA,CA-8922,De Soto Parish-NONE-CA-8922-Construction Area - Frierson,YES,in_construction,(no ROQ job),106.03,106.03,106.03,1597.0,1597.0,1597.0,354.0,354.0,354.0,"wave1_pinned_authority, legal_hold_desoto_ef, legal_hold_orig_start:2027-05-01, legal_hold_restart_2028_01",No Contrac ROQ job (parent/off-grid row) -> plan unchanged
Wave 1 (Tom/Ben),De Soto Parish,LA,CA-8925,De Soto Parish-NONE-CA-8925-Construction Area - Logansport,YES,in_construction,(no ROQ job),48.72,48.72,48.72,1221.0,1221.0,1221.0,360.0,360.0,360.0,"wave1_pinned_authority, operator_restored_williams_v825, legal_hold_desoto_ef, legal_hold_orig_start:2027-05-01, legal_hold_restart_2028_01",No Contrac ROQ job (parent/off-grid row) -> plan unchanged
Wave 1 (Tom/Ben),De Soto Parish,LA,CA-8937,De Soto Parish-NONE-CA-8937-Construction Area - De Soto Extended 2,YES,in_construction,(no ROQ job),28.3,28.3,28.3,773.0,771.0,771.0,96.0,95.8,95.8,"wave1_pinned_authority, operator_restored_williams_v825, legal_hold_desoto_ef, legal_hold_orig_start:2027-07-01, legal_hold_restart_2028_01",No Contrac ROQ job (parent/off-grid row) -> plan unchanged
Wave 1 (Tom/Ben),De Soto Parish,LA,CA-8950,"De Soto Parish-NONE-CA-8950-Construction Area - Gloster, LA",YES,in_construction,(no ROQ job),29.87,29.87,29.87,1326.0,1326.0,1326.0,248.0,248.0,248.0,"wave1_pinned_authority, operator_restored_williams_v825, legal_hold_desoto_ef, legal_hold_orig_start:2027-07-01, legal_hold_restart_2028_01",No Contrac ROQ job (parent/off-grid row) -> plan unchanged
Wave 1 (Tom/Ben),De Soto Parish,LA,CDA-28998,De Soto Parish-NONE-CDA-28998-Stat Area - 2027 - CDA-28998,YES,not_started,(no ROQ job),6.84,6.84,6.84,1123.0,1123.0,1123.0,0.0,0.0,0.0,"wave1_retimed_pass1, legal_hold_desoto_ef, legal_hold_orig_start:2026-11-01, legal_hold_restart_2028_01",No Contrac ROQ job (parent/off-grid row) -> plan unchanged
Wave 1 (Tom/Ben),De Soto Parish,LA,CDA-28999,De Soto Parish-NONE-CDA-28999-Stat Area - 2026 - CDA-28999,YES,not_started,(no ROQ job),1.06,1.06,1.06,162.0,162.0,162.0,0.0,0.0,0.0,"wave1_pinned_authority, legal_hold_desoto_ef, legal_hold_orig_start:2026-09-01, legal_hold_restart_2028_01",No Contrac ROQ job (parent/off-grid row) -> plan unchanged
Wave 1 (Tom/Ben),De Soto Parish,LA,CDA-29000,De Soto Parish-NONE-CDA-29000-Stat Area - 2026 - CDA-29000,YES,not_started,(no ROQ job),1.8,1.8,1.8,393.0,393.0,393.0,0.0,0.0,0.0,"wave1_pinned_authority, legal_hold_desoto_ef, legal_hold_orig_start:2026-09-01, legal_hold_restart_2028_01",No Contrac ROQ job (parent/off-grid row) -> plan unchanged
Wave 1 (Tom/Ben),De Soto Parish,LA,CDA-29001,De Soto Parish-NONE-CDA-29001-Stat Area - 2026 - CDA-29001,YES,not_started,(no ROQ job),5.63,5.63,5.63,117.0,117.0,117.0,57.0,57.0,57.0,"wave1_pinned_authority, legal_hold_desoto_ef, legal_hold_orig_start:2026-09-01, legal_hold_restart_2028_01",No Contrac ROQ job (parent/off-grid row) -> plan unchanged
Wave 1 (Tom/Ben),De Soto Parish,LA,CDA-29002,De Soto Parish-NONE-CDA-29002-Stat Area - 2026 - CDA-29002,YES,not_started,(no ROQ job),0.81,0.81,0.81,70.0,70.0,70.0,0.0,0.0,0.0,"wave1_pinned_authority, legal_hold_desoto_ef, legal_hold_orig_start:2026-09-01, legal_hold_restart_2028_01",No Contrac ROQ job (parent/off-grid row) -> plan unchanged
Wave 1 (Tom/Ben),De Soto Parish,LA,CDA-29003,De Soto Parish-NONE-CDA-29003-Stat Area - 2026 - CDA-29003,YES,not_started,(no ROQ job),0.11,0.11,0.11,47.0,47.0,47.0,0.0,0.0,0.0,"wave1_pinned_authority, legal_hold_desoto_ef, legal_hold_orig_start:2026-09-01, legal_hold_restart_2028_01",No Contrac ROQ job (parent/off-grid row) -> plan unchanged
Wave 1 (Tom/Ben),De Soto Parish,LA,CDA-29005,De Soto Parish-NONE-CDA-29005-Stat Area - 2026 - CDA-29005,YES,not_started,(no ROQ job),0.0,0.0,0.0,1.0,1.0,1.0,1.0,1.0,1.0,"wave1_pinned_authority, legal_hold_desoto_ef, legal_hold_orig_start:2026-09-01, legal_hold_restart_2028_01, exhausted_parent_gis_review",No Contrac ROQ job (parent/off-grid row) -> plan unchanged
Wave 1 (Tom/Ben),De Soto Parish,LA,CDA-29006,De Soto Parish-NONE-CDA-29006-Stat Area - 2026 - CDA-29006,YES,not_started,(no ROQ job),0.0,0.0,0.0,1.0,1.0,1.0,1.0,1.0,1.0,"wave1_pinned_authority, legal_hold_desoto_ef, legal_hold_orig_start:2026-09-01, legal_hold_restart_2028_01, exhausted_parent_gis_review",No Contrac ROQ job (parent/off-grid row) -> plan unchanged
Wave 1 (Tom/Ben),De Soto Parish,LA,CDA-29012,De Soto Parish-NONE-CDA-29012-Stat Area - 2027 - CDA-29012,YES,not_started,(no ROQ job),0.0,0.0,0.0,158.0,158.0,158.0,0.0,0.0,0.0,"wave1_retimed_pass1, legal_hold_desoto_ef, legal_hold_orig_start:2026-11-01, legal_hold_restart_2028_01, exhausted_parent_gis_review",No Contrac ROQ job (parent/off-grid row) -> plan unchanged
Wave 1 (Tom/Ben),De Soto Parish,LA,CDA-29014,De Soto Parish-NONE-CDA-29014-Stat Area - 2027 - CDA-29014,YES,not_started,(no ROQ job),0.0,0.0,0.0,1.0,1.0,1.0,0.0,0.0,0.0,"wave1_retimed_pass1, legal_hold_desoto_ef, legal_hold_orig_start:2026-11-01, legal_hold_restart_2028_01, exhausted_parent_gis_review",No Contrac ROQ job (parent/off-grid row) -> plan unchanged
Wave 1 (Tom/Ben),De Soto Parish,LA,CDA-29029,De Soto Parish-NONE-CDA-29029-Stat Area - 2026 - CDA-29029,YES,not_started,(no ROQ job),0.0,0.0,0.0,1.0,1.0,1.0,1.0,1.0,1.0,"wave1_pinned_authority, legal_hold_desoto_ef, legal_hold_orig_start:2026-09-01, legal_hold_restart_2028_01, exhausted_parent_gis_review",No Contrac ROQ job (parent/off-grid row) -> plan unchanged
Wave 1 (Tom/Ben),De Soto Parish,LA,CDA-29030,De Soto Parish-NONE-CDA-29030-Stat Area - 2026 - CDA-29030,YES,not_started,(no ROQ job),0.0,0.0,0.0,1.0,1.0,1.0,1.0,1.0,1.0,"wave1_pinned_authority, legal_hold_desoto_ef, legal_hold_orig_start:2026-09-01, legal_hold_restart_2028_01, exhausted_parent_gis_review",No Contrac ROQ job (parent/off-grid row) -> plan unchanged
Wave 1 (Tom/Ben),De Soto Parish,LA,CDA-29032,De Soto Parish-NONE-CDA-29032-Stat Area - 2026 - CDA-29032,YES,not_started,(no ROQ job),0.0,0.0,0.0,1.0,1.0,1.0,1.0,1.0,1.0,"wave1_pinned_authority, legal_hold_desoto_ef, legal_hold_orig_start:2026-09-01, legal_hold_restart_2028_01, exhausted_parent_gis_review",No Contrac ROQ job (parent/off-grid row) -> plan unchanged
Wave 1 (Tom/Ben),De Soto Parish,LA,CDA-29033,De Soto Parish-NONE-CDA-29033-Stat Area - 2026 - CDA-29033,YES,not_started,(no ROQ job),0.0,0.0,0.0,1.0,1.0,1.0,0.0,0.0,0.0,"wave1_pinned_authority, legal_hold_desoto_ef, legal_hold_orig_start:2026-09-01, legal_hold_restart_2028_01, exhausted_parent_gis_review",No Contrac ROQ job (parent/off-grid row) -> plan unchanged
Wave 1 (Tom/Ben),De Soto Parish,LA,DA-6762,De Soto Parish-NONE-DA-6762-APPROVEDDESIGNAREAS - Mansfield West,YES,not_started,(no ROQ job),0.0,0.0,0.0,27.0,27.0,27.0,8.0,8.0,8.0,"wave1_pinned_authority, legal_hold_desoto_ef, legal_hold_orig_start:2026-03-01, legal_hold_restart_2028_01, exhausted_parent_gis_review",No Contrac ROQ job (parent/off-grid row) -> plan unchanged
Wave 1 (Tom/Ben),De Soto Parish,LA,DA-6763,De Soto Parish-NONE-DA-6763-APPROVEDDESIGNAREAS - Longstreet,YES,not_started,(no ROQ job),0.0,0.0,0.0,23.0,23.0,23.0,4.0,4.0,4.0,"wave1_retimed_pass1, legal_hold_desoto_ef, legal_hold_orig_start:2026-09-01, legal_hold_restart_2028_01, exhausted_parent_gis_review",No Contrac ROQ job (parent/off-grid row) -> plan unchanged
Wave 1 (Tom/Ben),De Soto Parish,LA,DA-6764,De Soto Parish-NONE-DA-6764-APPROVEDDESIGNAREAS - Mansfield Northwest,YES,not_started,(no ROQ job),0.0,0.0,0.0,40.0,40.0,40.0,4.0,4.0,4.0,"wave1_retimed_pass1, legal_hold_desoto_ef, legal_hold_orig_start:2026-09-01, legal_hold_restart_2028_01, exhausted_parent_gis_review",No Contrac ROQ job (parent/off-grid row) -> plan unchanged
Wave 1 (Tom/Ben),De Soto Parish,LA,DA-6765,De Soto Parish-NONE-DA-6765-APPROVEDDESIGNAREAS - Frierson,YES,not_started,(no ROQ job),0.0,0.0,0.0,152.0,152.0,152.0,18.0,18.0,18.0,"wave1_retimed_pass1, legal_hold_desoto_ef, legal_hold_orig_start:2026-09-01, legal_hold_restart_2028_01, exhausted_parent_gis_review",No Contrac ROQ job (parent/off-grid row) -> plan unchanged
Wave 1 (Tom/Ben),De Soto Parish,LA,DA-6766,De Soto Parish-NONE-DA-6766-APPROVEDDESIGNAREAS - Mansfield East,YES,not_started,(no ROQ job),0.0,0.0,0.0,11.0,11.0,11.0,2.0,2.0,2.0,"wave1_retimed_pass1, legal_hold_desoto_ef, legal_hold_orig_start:2026-09-01, legal_hold_restart_2028_01, exhausted_parent_gis_review",No Contrac ROQ job (parent/off-grid row) -> plan unchanged
Wave 1 (Tom/Ben),De Soto Parish,LA,DA-6832,De Soto Parish-NONE-DA-6832-APPROVEDDESIGNAREAS - Logansport,YES,not_started,(no ROQ job),0.0,0.0,0.0,12.0,12.0,12.0,6.0,6.0,6.0,"wave1_pinned_authority, legal_hold_desoto_ef, legal_hold_orig_start:2026-09-01, legal_hold_restart_2028_01, exhausted_parent_gis_review",No Contrac ROQ job (parent/off-grid row) -> plan unchanged
Wave 1 (Tom/Ben),Drew County,AR,CA-4489,Drew County-NONE-CA-4489-Construction Area - Monticello - Gaines Ave Main Line,YES,complete,(no ROQ job),0.6,0.0,0.0,46.0,0.0,0.0,0.0,0.0,0.0,wave1_pinned_authority,No Contrac ROQ job (parent/off-grid row) -> plan unchanged
Wave 1 (Tom/Ben),East Feliciana Parish,LA,CA-8447,East Feliciana Parish-NONE-CA-8447-Construction Area - North Clinton,YES,in_construction,(no ROQ job),54.35,53.69,53.69,807.0,807.0,807.0,11.0,11.0,11.0,"wave1_pinned_authority, operator_restored_williams_v825, legal_hold_desoto_ef, legal_hold_orig_start:2027-03-01, legal_hold_restart_2028_01",No Contrac ROQ job (parent/off-grid row) -> plan unchanged
Wave 1 (Tom/Ben),East Feliciana Parish,LA,CA-8448,East Feliciana Parish-NONE-CA-8448-Construction Area - East F State Roads and Towns,YES,in_construction,In Construction,122.42,121.1,12.85,1718.0,1718.0,414.8,119.0,119.0,28.7,"wave1_pinned_authority, legal_hold_desoto_ef, legal_hold_orig_start:2025-08-01, legal_hold_restart_2028_01","Contrac In Construction, 75.9% complete -> prorated"
Wave 1 (Tom/Ben),East Feliciana Parish,LA,CA-8449,East Feliciana Parish-NONE-CA-8449-Construction Area - South Clinton,YES,in_construction,(no ROQ job),65.5,65.5,65.5,997.0,997.0,997.0,24.0,24.0,24.0,"wave1_pinned_authority, operator_restored_williams_v825, legal_hold_desoto_ef, legal_hold_orig_start:2027-03-01, legal_hold_restart_2028_01",No Contrac ROQ job (parent/off-grid row) -> plan unchanged
Wave 1 (Tom/Ben),East Feliciana Parish,LA,CA-8455,East Feliciana Parish-NONE-CA-8455-Construction Area - Wilson North,YES,in_construction,(no ROQ job),30.01,30.01,30.01,613.0,613.0,613.0,18.0,18.0,18.0,"wave1_pinned_authority, operator_restored_williams_v825, legal_hold_desoto_ef, legal_hold_orig_start:2027-03-01, legal_hold_restart_2028_01",No Contrac ROQ job (parent/off-grid row) -> plan unchanged
Wave 1 (Tom/Ben),East Feliciana Parish,LA,DA-6767,East Feliciana Parish-NONE-DA-6767-APPROVEDDESIGNAREAS - Wilson,YES,not_started,(no ROQ job),15.58,15.58,15.58,1096.0,1096.0,1096.0,40.0,40.0,40.0,"wave1_pinned_authority, legal_hold_desoto_ef, legal_hold_orig_start:2026-01-01, legal_hold_restart_2028_01",No Contrac ROQ job (parent/off-grid row) -> plan unchanged
Wave 1 (Tom/Ben),East Feliciana Parish,LA,DA-6768,East Feliciana Parish-NONE-DA-6768-APPROVEDDESIGNAREAS - Clinton,YES,not_started,(no ROQ job),24.6,24.6,24.6,729.0,729.0,729.0,0.0,0.0,0.0,"wave1_retimed_pass1, legal_hold_desoto_ef, legal_hold_orig_start:2026-09-01, legal_hold_restart_2028_01",No Contrac ROQ job (parent/off-grid row) -> plan unchanged
Wave 1 (Tom/Ben),Evangeline Parish,LA,CA-5686,Evangeline Parish-NONE-CA-5686-Construction Area - Oakdale SA Remaining (Evangeline),YES,complete,Complete,42.8,0.22,1.4,270.0,0.0,0.0,21.0,0.0,0.0,wave1_pinned_authority,Contrac Complete -> 0 remaining (display-only; pending formal close-out)
Wave 1 (Tom/Ben),Evangeline Parish,LA,CA-8453,Evangeline Parish-NONE-CA-8453-Construction Area - Evangeline Transport,YES,complete,Complete,39.08,20.49,10.88,573.0,362.0,0.0,257.0,162.4,0.0,wave1_pinned_authority,Contrac Complete -> 0 remaining (display-only; pending formal close-out)
Wave 1 (Tom/Ben),Evangeline Parish,LA,CA-8960,Evangeline Parish-NONE-CA-8960-Construction Area - Evangeline North,YES,in_construction,Loaded,74.84,74.84,74.84,1204.0,1204.0,1204.0,800.0,800.0,800.0,wave1_pinned_authority,No Contrac ROQ job (parent/off-grid row) -> plan unchanged
Wave 1 (Tom/Ben),Evangeline Parish,LA,CDA-26544,Evangeline Parish-NONE-CDA-26544-Stat Area - 2026 - CDA-26544,YES,not_started,(no ROQ job),60.28,60.28,60.28,1937.0,1937.0,1937.0,515.0,515.0,515.0,"wave1_retimed_pass1, wave1_habit_resize, wave1_2026_q4_retime",No Contrac ROQ job (parent/off-grid row) -> plan unchanged
Wave 1 (Tom/Ben),Evangeline Parish,LA,CDA-26545,Evangeline Parish-NONE-CDA-26545-Stat Area - 2026 - CDA-26545,YES,not_started,(no ROQ job),63.97,63.97,63.97,874.0,874.0,874.0,425.0,425.0,425.0,"wave1_retimed_pass1, wave1_habit_resize, wave1_2026_q4_retime",No Contrac ROQ job (parent/off-grid row) -> plan unchanged
Wave 1 (Tom/Ben),Evangeline Parish,LA,CDA-26972,Evangeline Parish-NONE-CDA-26972-Stat Area - 2026 - CDA-26972,YES,not_started,(no ROQ job),0.0,0.0,0.0,1.0,1.0,1.0,0.0,0.0,0.0,"wave1_retimed_pass1, exhausted_parent_gis_review",No Contrac ROQ job (parent/off-grid row) -> plan unchanged
Wave 1 (Tom/Ben),Evangeline Parish,LA,CDA-28971,Evangeline Parish-NONE-CDA-28971-Stat Area - 2027 - CDA-28971,YES,not_started,(no ROQ job),0.0,0.0,0.0,39.0,39.0,39.0,17.0,17.0,17.0,"wave1_retimed_pass1, exhausted_parent_gis_review",No Contrac ROQ job (parent/off-grid row) -> plan unchanged
Wave 1 (Tom/Ben),Evangeline Parish,LA,DA-4899,Evangeline Parish-NONE-DA-4899-APPROVEDDESIGNAREAS - Evangeline West 1,YES,not_started,(no ROQ job),0.0,0.0,0.0,2.0,0.0,0.0,0.0,0.0,0.0,"wave1_retimed_pass1, exhausted_parent_gis_review",No Contrac ROQ job (parent/off-grid row) -> plan unchanged
Wave 1 (Tom/Ben),Evangeline Parish,LA,DA-6769,Evangeline Parish-NONE-DA-6769-APPROVEDDESIGNAREAS - Evangeline North,YES,not_started,(no ROQ job),0.0,0.0,0.0,4.0,4.0,4.0,3.0,3.0,3.0,"no_hi_identity, wave1_pinned_authority, exhausted_parent_gis_review",No Contrac ROQ job (parent/off-grid row) -> plan unchanged
Wave 1 (Tom/Ben),Evangeline Parish,LA,DA-7287,Evangeline Parish-NONE-DA-7287-APPROVEDDESIGNAREAS - Evangeline Northeast,YES,not_started,(no ROQ job),0.0,0.0,0.0,8.0,8.0,8.0,4.0,4.0,4.0,"wave1_pinned_authority, exhausted_parent_gis_review",No Contrac ROQ job (parent/off-grid row) -> plan unchanged
Wave 1 (Tom/Ben),Faulkner County,AR,CA-8505,Faulkner County-NONE-CA-8505-Construction Area - Mayflower West,YES,in_construction,(no ROQ job),71.8,63.56,63.56,1803.0,1655.0,1655.0,0.0,0.0,0.0,wave1_pinned_authority,No Contrac ROQ job (parent/off-grid row) -> plan unchanged
Wave 1 (Tom/Ben),Faulkner County,AR,CA-8506,Faulkner County-NONE-CA-8506-Construction Area - Mayflower East,YES,in_construction,In Construction,24.89,24.89,24.89,413.0,413.0,413.0,0.0,0.0,0.0,wave1_pinned_authority,"Contrac In Construction, 0.0% complete -> prorated"
Wave 1 (Tom/Ben),Faulkner County,AR,DA-6756,Faulkner County-NONE-DA-6756-APPROVEDDESIGNAREAS - Mayflower East,YES,not_started,(no ROQ job),0.0,0.0,0.0,2.0,2.0,2.0,0.0,0.0,0.0,"no_hi_identity, wave1_retimed_pass1, exhausted_parent_gis_review",No Contrac ROQ job (parent/off-grid row) -> plan unchanged
Wave 1 (Tom/Ben),Faulkner County,AR,DA-6757,Faulkner County-NONE-DA-6757-APPROVEDDESIGNAREAS - Mayflower West,YES,not_started,(no ROQ job),0.0,0.0,0.0,2.0,2.0,2.0,0.0,0.0,0.0,"wave1_retimed_pass1, exhausted_parent_gis_review",No Contrac ROQ job (parent/off-grid row) -> plan unchanged
Wave 1 (Tom/Ben),Grant Parish,LA,CA-2072,"Grant Parish-NONE-CA-2072-Construction Area - Pollock, LA",YES,complete,Complete,107.49,4.8,9.52,1525.0,0.0,0.0,211.0,0.0,0.0,"aerial_vs_prior_static_disagree, wave1_pinned_authority",Contrac Complete -> 0 remaining (display-only; pending formal close-out)
Wave 1 (Tom/Ben),Grant Parish,LA,CA-2472,"Grant Parish-NONE-CA-2472-Construction Area - Fairfield, LA",YES,complete,Complete,156.19,3.01,7.04,3039.0,6.0,0.0,499.0,1.0,0.0,wave1_pinned_authority,Contrac Complete -> 0 remaining (display-only; pending formal close-out)
Wave 1 (Tom/Ben),Grant Parish,LA,CA-2872,"Grant Parish-NONE-CA-2872-Construction Area - Montgomery, LA",YES,complete,Complete,78.09,0.0,4.8,1297.0,2.0,0.0,39.0,0.1,0.0,wave1_pinned_authority,Contrac Complete -> 0 remaining (display-only; pending formal close-out)
Wave 1 (Tom/Ben),Grant Parish,LA,CA-9803,Grant Parish-NONE-CA-9803-Construction Area - Grant South - 2026,YES,,(no ROQ job),74.76,72.97,72.97,3026.0,3025.0,3025.0,1067.0,1066.6,1066.6,"newborn_hi_only, newborn_status_strong",No Contrac ROQ job (parent/off-grid row) -> plan unchanged
Wave 1 (Tom/Ben),Grant Parish,LA,CDA-27340,Grant Parish-NONE-CDA-27340-Stat Area - 2026 - CDA-27340,YES,not_started,(no ROQ job),0.31,0.31,0.31,55.0,55.0,55.0,30.0,30.0,30.0,"wave1_pinned_authority, wave1_bucket_b_pack_2027, wave1_2027_spread, parent_polygon_volume_review",No Contrac ROQ job (parent/off-grid row) -> plan unchanged
Wave 1 (Tom/Ben),Grant Parish,LA,CDA-28578,Grant Parish-NONE-CDA-28578-Stat Area - 2027 - CDA-28578,YES,not_started,(no ROQ job),1.44,1.44,1.44,403.0,403.0,403.0,313.0,313.0,313.0,"wave1_pinned_authority, wave1_ic_remain_from_now, parent_polygon_volume_review, parent_never_active",No Contrac ROQ job (parent/off-grid row) -> plan unchanged
Wave 1 (Tom/Ben),Grant Parish,LA,CDA-30941,Grant Parish-NONE-CDA-30941-Stat Area - 2027 - CDA-30941,YES,not_started,(no ROQ job),0.0,0.0,0.0,3.0,3.0,3.0,3.0,3.0,3.0,"wave1_retimed_pass1, exhausted_parent_gis_review",No Contrac ROQ job (parent/off-grid row) -> plan unchanged
Wave 1 (Tom/Ben),Grant Parish,LA,DA-3680,Grant Parish-NONE-DA-3680-APPROVEDDESIGNAREAS - Grant RDOF/Gumbo Combined,YES,complete,(no ROQ job),0.0,0.0,0.0,2.0,0.0,0.0,3.0,0.0,0.0,"wave1_pinned_authority, exhausted_parent_gis_review",No Contrac ROQ job (parent/off-grid row) -> plan unchanged
Wave 1 (Tom/Ben),Grant Parish,LA,DA-6814,Grant Parish-NONE-DA-6814-APPROVEDDESIGNAREAS - Grant South,YES,not_started,(no ROQ job),0.0,0.0,0.0,14.0,14.0,14.0,9.0,9.0,9.0,"wave1_pinned_authority, wave1_bucket_b_pack_2027, wave1_2027_spread, exhausted_parent_gis_review",No Contrac ROQ job (parent/off-grid row) -> plan unchanged
Wave 1 (Tom/Ben),Grant Parish,LA,DA-6815,Grant Parish-NONE-DA-6815-APPROVEDDESIGNAREAS - Grant West 1,YES,not_started,(no ROQ job),0.0,0.0,0.0,5.0,5.0,5.0,4.0,4.0,4.0,"wave1_retimed_pass1, exhausted_parent_gis_review",No Contrac ROQ job (parent/off-grid row) -> plan unchanged
Wave 1 (Tom/Ben),Iberia Parish,LA,CDA-27365,Iberia Parish-NONE-CDA-27365-Stat Area - 2027 - CDA-27365,YES,not_started,(no ROQ job),67.77,67.77,67.77,5944.0,5944.0,5944.0,105.0,105.0,105.0,"wave1_retimed_pass1, wave1_habit_resize, wave1_2026_q4_retime",No Contrac ROQ job (parent/off-grid row) -> plan unchanged
Wave 1 (Tom/Ben),Iberia Parish,LA,CDA-27367,Iberia Parish-NONE-CDA-27367-Stat Area - 2027 - CDA-27367,YES,not_started,(no ROQ job),76.19,76.19,76.19,2753.0,2753.0,2753.0,1168.0,1168.0,1168.0,"wave1_retimed_pass1, wave1_habit_resize, wave1_2026_q4_retime",No Contrac ROQ job (parent/off-grid row) -> plan unchanged
Wave 1 (Tom/Ben),Iberia Parish,LA,CDA-27368,Iberia Parish-NONE-CDA-27368-Stat Area - 2027 - CDA-27368,YES,not_started,(no ROQ job),53.68,53.68,53.68,1856.0,1856.0,1856.0,595.0,595.0,595.0,"wave1_retimed_pass1, wave1_habit_resize, wave1_2026_q4_retime",No Contrac ROQ job (parent/off-grid row) -> plan unchanged
Wave 1 (Tom/Ben),Iberia Parish,LA,CDA-27369,Iberia Parish-NONE-CDA-27369-Stat Area - 2027 - CDA-27369,YES,not_started,(no ROQ job),45.94,45.94,45.94,1919.0,1919.0,1919.0,370.0,370.0,370.0,"wave1_retimed_pass1, wave1_habit_resize, wave1_2026_q4_retime",No Contrac ROQ job (parent/off-grid row) -> plan unchanged
Wave 1 (Tom/Ben),Iberia Parish,LA,CDA-27370,Iberia Parish-NONE-CDA-27370-Stat Area - 2027 - CDA-27370,YES,not_started,(no ROQ job),49.57,49.57,49.57,2057.0,2057.0,2057.0,484.0,484.0,484.0,"wave1_retimed_pass1, wave1_habit_resize, wave1_2026_q4_retime",No Contrac ROQ job (parent/off-grid row) -> plan unchanged
Wave 1 (Tom/Ben),Iberia Parish,LA,CDA-27371,Iberia Parish-NONE-CDA-27371-Stat Area - 2027 - CDA-27371,YES,not_started,(no ROQ job),70.77,70.77,70.77,4223.0,4223.0,4223.0,366.0,366.0,366.0,"wave1_retimed_pass1, wave1_habit_resize, wave1_2026_q4_retime",No Contrac ROQ job (parent/off-grid row) -> plan unchanged
Wave 1 (Tom/Ben),Iberia Parish,LA,DA-10519,Iberia Parish-NONE-DA-10519-APPROVEDDESIGNAREAS - Iberia Parish,YES,not_started,(no ROQ job),2.65,2.65,2.65,244.0,244.0,244.0,28.0,28.0,28.0,"wave1_retimed_pass1, wave1_habit_resize, wave1_2026_q4_retime, parent_polygon_volume_review",No Contrac ROQ job (parent/off-grid row) -> plan unchanged
Wave 1 (Tom/Ben),Jefferson County,MS,CA-8473,Jefferson County-NONE-CA-8473-Construction Area - CPF_BEAM_Fayette,YES,in_construction,In Construction,12.27,0.0,0.68,1417.0,5.0,1003.2,0.0,0.0,0.0,wave1_pinned_authority,"Contrac In Construction, 29.2% complete -> prorated"
Wave 1 (Tom/Ben),Jefferson County,MS,DA-6880,Jefferson County-NONE-DA-6880-APPROVEDDESIGNAREAS - CPF_BEAM_Fayette,YES,not_started,(no ROQ job),0.0,0.0,0.0,5.0,5.0,5.0,0.0,0.0,0.0,"wave1_retimed_pass1, exhausted_parent_gis_review",No Contrac ROQ job (parent/off-grid row) -> plan unchanged
Wave 1 (Tom/Ben),Jefferson Davis County,MS,CDA-32557,Jefferson Davis County-NONE-CDA-32557-Stat Area - 2027 - CDA-32557,YES,not_started,(no ROQ job),71.3,71.3,71.3,918.0,918.0,918.0,556.0,556.0,556.0,"wave1_retimed_pass1, wave1_2027_spread",No Contrac ROQ job (parent/off-grid row) -> plan unchanged
Wave 1 (Tom/Ben),Jefferson Davis County,MS,CDA-32560,Jefferson Davis County-NONE-CDA-32560-Stat Area - 2027 - CDA-32560,YES,not_started,(no ROQ job),79.8,79.8,79.8,1970.0,1970.0,1970.0,1139.0,1139.0,1139.0,"wave1_retimed_pass1, wave1_2027_spread",No Contrac ROQ job (parent/off-grid row) -> plan unchanged
Wave 1 (Tom/Ben),Jefferson Davis County,MS,CDA-32561,Jefferson Davis County-NONE-CDA-32561-Stat Area - 2027 - CDA-32561,YES,not_started,(no ROQ job),110.36,110.36,110.36,1980.0,1980.0,1980.0,1302.0,1302.0,1302.0,"wave1_retimed_pass1, wave1_2027_spread",No Contrac ROQ job (parent/off-grid row) -> plan unchanged
Wave 1 (Tom/Ben),Jefferson Davis County,MS,DA-10532,Jefferson Davis County-NONE-DA-10532-APPROVEDDESIGNAREAS - MS BEAD Monticello East,YES,not_started,(no ROQ job),0.41,0.41,0.41,109.0,109.0,109.0,3.0,3.0,3.0,"wave1_retimed_pass1, wave1_habit_resize, wave1_2026_q4_retime",No Contrac ROQ job (parent/off-grid row) -> plan unchanged
Wave 1 (Tom/Ben),Jefferson Davis Parish,LA,CA-8475,Jefferson Davis Parish-NONE-CA-8475-Construction Area - Jefferson Davis Norwest 1 RDOF,YES,in_construction,In Construction,77.07,75.98,14.52,906.0,906.0,99.8,219.0,219.0,24.1,wave1_pinned_authority,"Contrac In Construction, 89.0% complete -> prorated"
Wave 1 (Tom/Ben),Jefferson Davis Parish,LA,CA-8479,Jefferson Davis Parish-NONE-CA-8479-Construction Area - Fenton,YES,in_construction,In Construction,2.82,2.82,0.0,205.0,205.0,-208.0,31.0,31.0,-31.5,"wave1_pinned_authority, wave1_ic_remain_from_now","Contrac In Construction, 201.5% complete -> prorated"
Wave 1 (Tom/Ben),Jefferson Davis Parish,LA,CA-9809,Jefferson Davis Parish-NONE-CA-9809-Construction Area - Welsh Service Area,YES,,(no ROQ job),98.15,98.15,98.15,2562.0,2562.0,2562.0,219.0,219.0,219.0,"newborn_hi_only, newborn_status_strong",No Contrac ROQ job (parent/off-grid row) -> plan unchanged
Wave 1 (Tom/Ben),Jefferson Davis Parish,LA,CA-9811,Jefferson Davis Parish-NONE-CA-9811-Construction Area - Elton Service Area,YES,,(no ROQ job),57.19,55.8,55.8,1221.0,1221.0,1221.0,103.0,103.0,103.0,"newborn_hi_only, newborn_status_strong",No Contrac ROQ job (parent/off-grid row) -> plan unchanged
Wave 1 (Tom/Ben),Jefferson Davis Parish,LA,CA-9812,Jefferson Davis Parish-NONE-CA-9812-Construction Area - Lake Arthur Service Area,YES,,(no ROQ job),76.36,76.36,76.36,2741.0,2741.0,2741.0,247.0,247.0,247.0,"newborn_hi_only, newborn_status_strong",No Contrac ROQ job (parent/off-grid row) -> plan unchanged
Wave 1 (Tom/Ben),Jefferson Davis Parish,LA,CA-9813,Jefferson Davis Parish-NONE-CA-9813-Construction Area - Jennings Service Area,YES,,(no ROQ job),103.51,103.51,103.51,6068.0,6068.0,6068.0,238.0,238.0,238.0,"newborn_hi_only, newborn_status_strong",No Contrac ROQ job (parent/off-grid row) -> plan unchanged
Wave 1 (Tom/Ben),Jefferson Davis Parish,LA,CDA-25749,Jefferson Davis Parish-NONE-CDA-25749-Stat Area - 2026 - CDA-25749,YES,not_started,(no ROQ job),0.03,0.03,0.03,21.0,21.0,21.0,4.0,4.0,4.0,"wave1_pinned_authority, wave1_bucket_b_pack_2027, wave1_2027_spread, exhausted_parent_gis_review",No Contrac ROQ job (parent/off-grid row) -> plan unchanged
Wave 1 (Tom/Ben),Jefferson Davis Parish,LA,CDA-26140,Jefferson Davis Parish-NONE-CDA-26140-Stat Area - 2026 - CDA-26140,YES,not_started,(no ROQ job),0.6,0.6,0.6,96.0,96.0,96.0,12.0,12.0,12.0,"wave1_pinned_authority, wave1_bucket_b_pack_2027, wave1_2027_spread, parent_polygon_volume_review",No Contrac ROQ job (parent/off-grid row) -> plan unchanged
Wave 1 (Tom/Ben),Jefferson Davis Parish,LA,DA-10520,Jefferson Davis Parish-NONE-DA-10520-APPROVEDDESIGNAREAS - Jefferson Davis BEAD,YES,not_started,(no ROQ job),0.5,0.5,0.5,188.0,188.0,188.0,27.0,27.0,27.0,"no_hi_identity, wave1_pinned_authority, wave1_bucket_b_pack_2027, wave1_2027_spread, parent_resized_after_child, parent_polygon_volume_review",No Contrac ROQ job (parent/off-grid row) -> plan unchanged
Wave 1 (Tom/Ben),Jefferson Davis Parish,LA,DA-10945,Jefferson Davis Parish-NONE-DA-10945-APPROVEDDESIGNAREAS,YES,,(no ROQ job),0.0,0.0,0.0,8.0,8.0,8.0,3.0,3.0,3.0,"newborn_hi_only, newborn_status_strong, exhausted_parent_gis_review",No Contrac ROQ job (parent/off-grid row) -> plan unchanged
Wave 1 (Tom/Ben),Jefferson Davis Parish,LA,DA-10948,Jefferson Davis Parish-NONE-DA-10948-APPROVEDDESIGNAREAS,YES,,(no ROQ job),0.0,0.0,0.0,4.0,4.0,4.0,1.0,1.0,1.0,"newborn_hi_only, newborn_status_strong, exhausted_parent_gis_review",No Contrac ROQ job (parent/off-grid row) -> plan unchanged
Wave 1 (Tom/Ben),Jefferson Davis Parish,LA,DA-11340,"Jefferson Davis Parish-NONE-DA-11340-APPROVEDDESIGNAREAS - Lake Arthur, LA",YES,,(no ROQ job),0.0,0.0,0.0,1.0,1.0,1.0,1.0,1.0,1.0,"newborn_hi_only, newborn_status_strong, exhausted_parent_gis_review",No Contrac ROQ job (parent/off-grid row) -> plan unchanged
Wave 1 (Tom/Ben),LaSalle Parish,LA,CA-4484,LaSalle Parish-NONE-CA-4484-Construction Area - Jena to Nebo,YES,complete,(no ROQ job),6.37,0.0,0.0,65.0,0.0,0.0,0.0,0.0,0.0,wave1_pinned_authority,No Contrac ROQ job (parent/off-grid row) -> plan unchanged
Wave 1 (Tom/Ben),LaSalle Parish,LA,CA-4488,LaSalle Parish-NONE-CA-4488-Construction Area - Jena Addition 1,YES,complete,(no ROQ job),0.54,0.0,0.0,26.0,0.0,0.0,1.0,0.0,0.0,wave1_pinned_authority,No Contrac ROQ job (parent/off-grid row) -> plan unchanged
Wave 1 (Tom/Ben),LaSalle Parish,LA,CA-59,LaSalle Parish-NONE-CA-59-Construction Area - Lasalle Jena,YES,complete,(no ROQ job),38.21,0.0,0.0,2699.0,5.0,5.0,4.0,0.0,0.0,wave1_pinned_authority,No Contrac ROQ job (parent/off-grid row) -> plan unchanged
Wave 1 (Tom/Ben),LaSalle Parish,LA,CA-65,LaSalle Parish-NONE-CA-65-Construction Area - Lasalle Nebo,YES,complete,(no ROQ job),11.98,0.06,0.06,254.0,0.0,0.0,0.0,0.0,0.0,wave1_pinned_authority,No Contrac ROQ job (parent/off-grid row) -> plan unchanged
Wave 1 (Tom/Ben),LaSalle Parish,LA,CA-75,LaSalle Parish-NONE-CA-75-Construction Area - Lasalle North,YES,complete,Complete,106.37,2.94,4.1,2152.0,34.0,0.0,177.0,2.8,0.0,wave1_pinned_authority,Contrac Complete -> 0 remaining (display-only; pending formal close-out)
Wave 1 (Tom/Ben),LaSalle Parish,LA,CA-77,LaSalle Parish-NONE-CA-77-Construction Area - Lasalle Outer Jena,YES,complete,(no ROQ job),60.99,0.45,0.45,890.0,0.0,0.0,0.0,0.0,0.0,wave1_pinned_authority,No Contrac ROQ job (parent/off-grid row) -> plan unchanged
Wave 1 (Tom/Ben),LaSalle Parish,LA,CA-9382,LaSalle Parish-NONE-CA-9382-Construction Area - LaSalle Erate,YES,complete,(no ROQ job),0.57,0.0,0.0,4.0,4.0,4.0,1.0,1.0,1.0,wave1_pinned_authority,No Contrac ROQ job (parent/off-grid row) -> plan unchanged
Wave 1 (Tom/Ben),Lafayette Parish,LA,CDA-27374,Lafayette Parish-NONE-CDA-27374-Stat Area - 2026 - CDA-27374,YES,not_started,(no ROQ job),87.88,87.88,87.88,3133.0,3133.0,3133.0,1319.0,1319.0,1319.0,"wave1_retimed_pass1, wave1_habit_resize, wave1_2026_q4_retime",No Contrac ROQ job (parent/off-grid row) -> plan unchanged
Wave 1 (Tom/Ben),Lafayette Parish,LA,CDA-27380,Lafayette Parish-NONE-CDA-27380-Stat Area - 2027 - CDA-27380,YES,not_started,(no ROQ job),25.17,25.17,25.17,2021.0,2021.0,2021.0,131.0,131.0,131.0,"wave1_retimed_pass1, wave1_habit_resize, wave1_2026_q4_retime",No Contrac ROQ job (parent/off-grid row) -> plan unchanged
Wave 1 (Tom/Ben),Lafayette Parish,LA,CDA-27386,Lafayette Parish-NONE-CDA-27386-Stat Area - 2027 - CDA-27386,YES,not_started,(no ROQ job),32.24,32.24,32.24,1356.0,1356.0,1356.0,357.0,357.0,357.0,"wave1_retimed_pass1, wave1_habit_resize, wave1_2026_q4_retime",No Contrac ROQ job (parent/off-grid row) -> plan unchanged
Wave 1 (Tom/Ben),Lafayette Parish,LA,DA-10518,Lafayette Parish-NONE-DA-10518-APPROVEDDESIGNAREAS - Lafayette Parish,YES,not_started,(no ROQ job),1.02,1.02,1.02,264.0,264.0,264.0,41.0,41.0,41.0,"wave1_retimed_pass1, wave1_mk48_resize, parent_resized_after_child, wave1_habit_resize, wave1_2026_q4_retime",No Contrac ROQ job (parent/off-grid row) -> plan unchanged
Wave 1 (Tom/Ben),Lafayette Parish,LA,DA-10973,Lafayette Parish-NONE-DA-10973-APPROVEDDESIGNAREAS - Lafayette-2,YES,,(no ROQ job),0.95,0.95,0.95,1.0,1.0,1.0,0.0,0.0,0.0,"newborn_hi_only, newborn_status_strong, wave1_habit_resize, wave1_2026_q4_retime",No Contrac ROQ job (parent/off-grid row) -> plan unchanged
Wave 1 (Tom/Ben),Lafayette Parish,LA,DA-10975,Lafayette Parish-NONE-DA-10975-APPROVEDDESIGNAREAS - Lafayette-1,YES,,(no ROQ job),0.0,0.0,0.0,12.0,12.0,12.0,1.0,1.0,1.0,"newborn_hi_only, newborn_status_strong, exhausted_parent_gis_review",No Contrac ROQ job (parent/off-grid row) -> plan unchanged
Wave 1 (Tom/Ben),Lamar County,MS,CA-8943,Lamar County-NONE-CA-8943-Construction Area - Lamar County RDOF,YES,in_construction,Loaded,27.36,27.36,27.36,416.0,416.0,416.0,0.0,0.0,0.0,wave1_pinned_authority,No Contrac ROQ job (parent/off-grid row) -> plan unchanged
Wave 1 (Tom/Ben),Lamar County,MS,CDA-32570,Lamar County-NONE-CDA-32570-Stat Area - 2027 - CDA-32570,YES,not_started,(no ROQ job),0.0,0.0,0.0,5.0,5.0,5.0,2.0,2.0,2.0,"wave1_retimed_pass1, exhausted_parent_gis_review",No Contrac ROQ job (parent/off-grid row) -> plan unchanged
Wave 1 (Tom/Ben),Lamar County,MS,CDA-32571,Lamar County-NONE-CDA-32571-Stat Area - 2027 - CDA-32571,YES,not_started,(no ROQ job),1.07,1.07,1.07,17.0,17.0,17.0,0.0,0.0,0.0,"wave1_retimed_pass1, wave1_habit_resize, wave1_2026_q4_retime",No Contrac ROQ job (parent/off-grid row) -> plan unchanged
Wave 1 (Tom/Ben),Lamar County,MS,DA-7299,Lamar County-NONE-DA-7299-APPROVEDDESIGNAREAS - Southeast Lamar County 1 RDOF,YES,not_started,(no ROQ job),0.0,0.0,0.0,2.0,2.0,2.0,0.0,0.0,0.0,"wave1_pinned_authority, exhausted_parent_gis_review",No Contrac ROQ job (parent/off-grid row) -> plan unchanged
Wave 1 (Tom/Ben),Lamar County,MS,DA-7300,Lamar County-NONE-DA-7300-APPROVEDDESIGNAREAS - Southeast Lamar County 2 RDOF,YES,not_started,(no ROQ job),0.0,0.0,0.0,16.0,16.0,16.0,0.0,0.0,0.0,"wave1_pinned_authority, exhausted_parent_gis_review",No Contrac ROQ job (parent/off-grid row) -> plan unchanged
Wave 1 (Tom/Ben),Lincoln County,AR,CA-4490,Lincoln County-NONE-CA-4490-Construction Area - Lincoln County - Mainline,YES,complete,(no ROQ job),53.23,0.0,0.0,1206.0,1.0,1.0,0.0,0.0,0.0,wave1_pinned_authority,No Contrac ROQ job (parent/off-grid row) -> plan unchanged
Wave 1 (Tom/Ben),Lincoln County,AR,CA-7292,Lincoln County-NONE-CA-7292-Construction Area - Star City,YES,complete,(no ROQ job),30.11,0.0,0.0,1347.0,0.0,0.0,0.0,0.0,0.0,wave1_pinned_authority,No Contrac ROQ job (parent/off-grid row) -> plan unchanged
Wave 1 (Tom/Ben),Lincoln County,AR,DA-5873,Lincoln County-NONE-DA-5873-APPROVEDDESIGNAREAS - Grady,YES,complete,(no ROQ job),17.3,9.27,9.27,319.0,44.0,44.0,0.0,0.0,0.0,wave1_pinned_authority,No Contrac ROQ job (parent/off-grid row) -> plan unchanged
Wave 1 (Tom/Ben),Lincoln Parish,LA,CDA-27360,Lincoln Parish-NONE-CDA-27360-Stat Area - 2027 - CDA-27360,YES,not_started,(no ROQ job),122.12,122.12,122.12,3682.0,3682.0,3682.0,471.0,471.0,471.0,"wave1_retimed_pass1, wave1_habit_resize, wave1_2026_q4_retime",No Contrac ROQ job (parent/off-grid row) -> plan unchanged
Wave 1 (Tom/Ben),Lonoke County,AR,CA-1695,"Lonoke County-NONE-CA-1695-Construction Area - Carlisle, AR",YES,complete,(no ROQ job),25.5,0.0,0.0,1410.0,0.0,0.0,0.0,0.0,0.0,wave1_pinned_authority,No Contrac ROQ job (parent/off-grid row) -> plan unchanged
Wave 1 (Tom/Ben),Lonoke County,AR,CA-5284,Lonoke County-NONE-CA-5284-Construction Area - South Lonoke to 165 Splicing,YES,complete,(no ROQ job),6.77,0.0,0.0,20.0,0.0,0.0,0.0,0.0,0.0,wave1_pinned_authority,No Contrac ROQ job (parent/off-grid row) -> plan unchanged
Wave 1 (Tom/Ben),Lonoke County,AR,DA-5727,Lonoke County-NONE-DA-5727-APPROVEDDESIGNAREAS - Lonoke,YES,complete,(no ROQ job),41.06,0.0,0.0,2476.0,0.0,0.0,0.0,0.0,0.0,"wave1_pinned_authority, exhausted_parent_gis_review",No Contrac ROQ job (parent/off-grid row) -> plan unchanged
Wave 1 (Tom/Ben),Lonoke County,AR,DA-5805,Lonoke County-NONE-DA-5805-APPROVEDDESIGNAREAS - Humnoke,YES,complete,(no ROQ job),20.14,0.0,0.0,336.0,0.0,0.0,0.0,0.0,0.0,"wave1_pinned_authority, exhausted_parent_gis_review",No Contrac ROQ job (parent/off-grid row) -> plan unchanged
Wave 1 (Tom/Ben),Lonoke County,AR,DA-5823,Lonoke County-NONE-DA-5823-APPROVEDDESIGNAREAS - England,YES,complete,(no ROQ job),13.58,0.0,0.0,1607.0,0.0,0.0,0.0,0.0,0.0,"wave1_pinned_authority, exhausted_parent_gis_review",No Contrac ROQ job (parent/off-grid row) -> plan unchanged
Wave 1 (Tom/Ben),Morehouse Parish,LA,CA-8025,Morehouse Parish-NONE-CA-8025-Construction Area - Ashley Co RDOF Remaining-Morehouse Parish,YES,complete,Complete,5.26,5.26,0.88,8.0,8.0,0.0,0.0,0.0,0.0,wave1_pinned_authority,Contrac Complete -> 0 remaining (display-only; pending formal close-out)
Wave 1 (Tom/Ben),Natchitoches Parish,LA,CA-7574,Natchitoches Parish-NONE-CA-7574-Construction Area - Vowells Mill,YES,complete,Complete,42.78,0.0,3.97,252.0,0.0,0.0,6.0,0.0,0.0,wave1_pinned_authority,Contrac Complete -> 0 remaining (display-only; pending formal close-out)
Wave 1 (Tom/Ben),Natchitoches Parish,LA,CA-7575,Natchitoches Parish-NONE-CA-7575-Construction Area - Harmony Rd,YES,complete,Complete,6.36,0.0,0.0,86.0,0.0,0.0,0.0,0.0,0.0,wave1_pinned_authority,Contrac Complete -> 0 remaining (display-only; pending formal close-out)
Wave 1 (Tom/Ben),Natchitoches Parish,LA,CA-7576,Natchitoches Parish-NONE-CA-7576-Construction Area - HWY 117 South,YES,complete,Complete,14.12,0.0,0.0,83.0,0.0,0.0,2.0,0.0,0.0,wave1_pinned_authority,Contrac Complete -> 0 remaining (display-only; pending formal close-out)
Wave 1 (Tom/Ben),Natchitoches Parish,LA,CA-7577,Natchitoches Parish-NONE-CA-7577-Construction Area - Robeline Provencial Rd,YES,complete,Complete,7.44,0.0,0.0,138.0,2.0,0.0,0.0,0.0,0.0,wave1_pinned_authority,Contrac Complete -> 0 remaining (display-only; pending formal close-out)
Wave 1 (Tom/Ben),Natchitoches Parish,LA,CA-7578,Natchitoches Parish-NONE-CA-7578-Construction Area - Robeline South,YES,complete,Complete,10.73,3.27,1.36,195.0,110.0,0.0,66.0,37.2,0.0,wave1_pinned_authority,Contrac Complete -> 0 remaining (display-only; pending formal close-out)
Wave 1 (Tom/Ben),Natchitoches Parish,LA,CA-7581,Natchitoches Parish-NONE-CA-7581-Construction Area - Shamrock,YES,complete,Complete,13.1,0.0,0.0,187.0,0.0,0.0,14.0,0.0,0.0,wave1_pinned_authority,Contrac Complete -> 0 remaining (display-only; pending formal close-out)
Wave 1 (Tom/Ben),Natchitoches Parish,LA,CA-7582,Natchitoches Parish-NONE-CA-7582-Construction Area - Marthaville,YES,complete,Complete,20.99,0.0,0.0,275.0,4.0,0.0,42.0,0.6,0.0,wave1_pinned_authority,Contrac Complete -> 0 remaining (display-only; pending formal close-out)
Wave 1 (Tom/Ben),Natchitoches Parish,LA,CA-7584,Natchitoches Parish-NONE-CA-7584-Construction Area - North Marthaville,YES,complete,Complete,7.82,0.0,0.0,85.0,0.0,0.0,0.0,0.0,0.0,wave1_pinned_authority,Contrac Complete -> 0 remaining (display-only; pending formal close-out)
Wave 1 (Tom/Ben),Natchitoches Parish,LA,CA-7588,Natchitoches Parish-NONE-CA-7588-Construction Area - Johnson Chute Rd,YES,complete,Complete,36.55,10.27,10.99,441.0,220.0,0.0,76.0,37.9,0.0,wave1_pinned_authority,Contrac Complete -> 0 remaining (display-only; pending formal close-out)
Wave 1 (Tom/Ben),Natchitoches Parish,LA,CA-7589,Natchitoches Parish-NONE-CA-7589-Construction Area - Carey Scarborough Rd,YES,complete,Complete,6.0,0.0,0.0,51.0,0.0,0.0,0.0,0.0,0.0,wave1_pinned_authority,Contrac Complete -> 0 remaining (display-only; pending formal close-out)
Wave 1 (Tom/Ben),Natchitoches Parish,LA,CA-7590,Natchitoches Parish-NONE-CA-7590-Construction Area - HWY 6,YES,complete,Complete,21.89,0.84,2.74,380.0,17.0,0.0,22.0,1.0,0.0,wave1_pinned_authority,Contrac Complete -> 0 remaining (display-only; pending formal close-out)
Wave 1 (Tom/Ben),Natchitoches Parish,LA,CA-7591,Natchitoches Parish-NONE-CA-7591-Construction Area - Natchez,YES,in_construction,In Construction,92.7,39.48,33.28,1498.0,873.0,499.8,447.0,260.5,149.1,wave1_pinned_authority,"Contrac In Construction, 66.6% complete -> prorated"
Wave 1 (Tom/Ben),Natchitoches Parish,LA,CA-7594,Natchitoches Parish-NONE-CA-7594-Construction Area - Southwest Natchitoches,YES,complete,Complete,21.77,0.0,0.0,73.0,0.0,0.0,7.0,0.0,0.0,wave1_pinned_authority,Contrac Complete -> 0 remaining (display-only; pending formal close-out)
Wave 1 (Tom/Ben),Natchitoches Parish,LA,CA-8456,Natchitoches Parish-NONE-CA-8456-Construction Area - Provencal HWY 120,YES,complete,Complete,45.5,4.87,3.14,381.0,28.0,0.0,40.0,2.9,0.0,wave1_pinned_authority,Contrac Complete -> 0 remaining (display-only; pending formal close-out)
Wave 1 (Tom/Ben),Natchitoches Parish,LA,CA-8462,Natchitoches Parish-NONE-CA-8462-Construction Area - Powhatan,YES,complete,Complete,68.8,18.23,9.71,544.0,81.0,0.0,66.0,9.8,0.0,wave1_pinned_authority,Contrac Complete -> 0 remaining (display-only; pending formal close-out)
Wave 1 (Tom/Ben),Natchitoches Parish,LA,CA-8477,Natchitoches Parish-NONE-CA-8477-Construction Area - Flatwoods,YES,complete,Complete,89.28,2.44,5.61,806.0,100.0,0.0,59.0,7.3,0.0,wave1_pinned_authority,Contrac Complete -> 0 remaining (display-only; pending formal close-out)
Wave 1 (Tom/Ben),Natchitoches Parish,LA,CA-8924,Natchitoches Parish-NONE-CA-8924-Construction Area - Winnfield to Fair View Alpha Transport,YES,in_construction,Loaded,27.73,6.07,6.07,178.0,63.0,63.0,36.0,12.7,12.7,wave1_pinned_authority,No Contrac ROQ job (parent/off-grid row) -> plan unchanged
Wave 1 (Tom/Ben),Natchitoches Parish,LA,CA-8929,Natchitoches Parish-NONE-CA-8929-Construction Area - NE Natchitoches,YES,in_construction,Loaded,57.05,22.06,22.06,456.0,31.0,31.0,4.0,0.3,0.3,wave1_pinned_authority,No Contrac ROQ job (parent/off-grid row) -> plan unchanged
Wave 1 (Tom/Ben),Natchitoches Parish,LA,CA-8930,Natchitoches Parish-NONE-CA-8930-Construction Area - Lotus,YES,in_construction,(no ROQ job),9.56,9.56,9.56,19.0,19.0,19.0,20.0,20.0,20.0,wave1_pinned_authority,No Contrac ROQ job (parent/off-grid row) -> plan unchanged
Wave 1 (Tom/Ben),Natchitoches Parish,LA,CA-8947,Natchitoches Parish-NONE-CA-8947-Construction Area - St Maurice,YES,in_construction,Loaded,46.27,21.22,21.22,513.0,344.0,344.0,177.0,118.7,118.7,wave1_pinned_authority,No Contrac ROQ job (parent/off-grid row) -> plan unchanged
Wave 1 (Tom/Ben),Natchitoches Parish,LA,CA-8959,Natchitoches Parish-NONE-CA-8959-Construction Area - Pine Coupee - Natchitoches,YES,in_construction,Loaded,13.51,11.52,11.52,58.0,58.0,58.0,4.0,4.0,4.0,wave1_pinned_authority,No Contrac ROQ job (parent/off-grid row) -> plan unchanged
Wave 1 (Tom/Ben),Natchitoches Parish,LA,CA-9805,Natchitoches Parish-NONE-CA-9805-Construction Area - Natchitoches RDOF remaining,YES,,(no ROQ job),3.11,3.11,3.11,12.0,12.0,12.0,1.0,1.0,1.0,"newborn_hi_only, newborn_status_strong, wave1_habit_resize",No Contrac ROQ job (parent/off-grid row) -> plan unchanged
Wave 1 (Tom/Ben),Natchitoches Parish,LA,CDA-27355,Natchitoches Parish-NONE-CDA-27355-Stat Area - 2027 - CDA-27355,YES,not_started,(no ROQ job),17.13,17.13,17.13,972.0,972.0,972.0,44.0,44.0,44.0,"wave1_pinned_authority, wave1_ic_remain_from_now, parent_never_active",No Contrac ROQ job (parent/off-grid row) -> plan unchanged
Wave 1 (Tom/Ben),Natchitoches Parish,LA,CDA-27356,Natchitoches Parish-NONE-CDA-27356-Stat Area - 2027 - CDA-27356,YES,not_started,(no ROQ job),15.13,15.13,15.13,2480.0,2480.0,2480.0,29.0,29.0,29.0,"wave1_pinned_authority, wave1_ic_remain_from_now, parent_never_active",No Contrac ROQ job (parent/off-grid row) -> plan unchanged
Wave 1 (Tom/Ben),Natchitoches Parish,LA,DA-6770,Natchitoches Parish-NONE-DA-6770-APPROVEDDESIGNAREAS - Flatwoods,YES,not_started,(no ROQ job),0.0,0.0,0.0,2.0,2.0,2.0,2.0,2.0,2.0,"wave1_retimed_pass1, exhausted_parent_gis_review",No Contrac ROQ job (parent/off-grid row) -> plan unchanged
Wave 1 (Tom/Ben),Natchitoches Parish,LA,DA-6771,Natchitoches Parish-NONE-DA-6771-APPROVEDDESIGNAREAS - Melrose,YES,not_started,(no ROQ job),0.0,0.0,0.0,9.0,9.0,9.0,0.0,0.0,0.0,"wave1_pinned_authority, wave1_bucket_b_pack_2027, wave1_2027_spread, exhausted_parent_gis_review",No Contrac ROQ job (parent/off-grid row) -> plan unchanged
Wave 1 (Tom/Ben),Natchitoches Parish,LA,DA-6772,Natchitoches Parish-NONE-DA-6772-APPROVEDDESIGNAREAS - Northeast Natchitoches,YES,not_started,(no ROQ job),0.0,0.0,0.0,8.0,8.0,8.0,2.0,2.0,2.0,"wave1_pinned_authority, exhausted_parent_gis_review",No Contrac ROQ job (parent/off-grid row) -> plan unchanged
Wave 1 (Tom/Ben),Natchitoches Parish,LA,DA-6773,Natchitoches Parish-NONE-DA-6773-APPROVEDDESIGNAREAS - Natchitoches Transport,YES,not_started,(no ROQ job),4.26,4.26,4.26,1055.0,1055.0,1055.0,58.0,58.0,58.0,"wave1_pinned_authority, parent_resized_after_child, parent_never_active",No Contrac ROQ job (parent/off-grid row) -> plan unchanged
Wave 1 (Tom/Ben),Natchitoches Parish,LA,DA-6824,Natchitoches Parish-NONE-DA-6824-APPROVEDDESIGNAREAS - Natchitoches North,YES,not_started,(no ROQ job),0.0,0.0,0.0,9.0,9.0,9.0,5.0,5.0,5.0,"wave1_retimed_pass1, exhausted_parent_gis_review",No Contrac ROQ job (parent/off-grid row) -> plan unchanged
Wave 1 (Tom/Ben),Natchitoches Parish,LA,DA-6873,Natchitoches Parish-NONE-DA-6873-APPROVEDDESIGNAREAS - North Sibley Lake,YES,not_started,(no ROQ job),0.0,0.0,0.0,101.0,101.0,101.0,19.0,19.0,19.0,"wave1_retimed_pass1, exhausted_parent_gis_review",No Contrac ROQ job (parent/off-grid row) -> plan unchanged
Wave 1 (Tom/Ben),Pearl River County,MS,CA-1257,Pearl River County-NONE-CA-1257-Construction Area - Poplarville,YES,complete,Complete,28.2,2.24,1.1,1647.0,19.0,0.0,54.0,0.6,0.0,wave1_pinned_authority,Contrac Complete -> 0 remaining (display-only; pending formal close-out)
Wave 1 (Tom/Ben),Pearl River County,MS,CDA-32566,Pearl River County-NONE-CDA-32566-Stat Area - 2027 - CDA-32566,YES,not_started,(no ROQ job),0.09,0.09,0.09,11.0,11.0,11.0,8.0,8.0,8.0,"wave1_retimed_pass1, exhausted_parent_gis_review",No Contrac ROQ job (parent/off-grid row) -> plan unchanged
Wave 1 (Tom/Ben),Pearl River County,MS,CDA-32567,Pearl River County-NONE-CDA-32567-Stat Area - 2027 - CDA-32567,YES,not_started,(no ROQ job),3.39,3.39,3.39,26.0,26.0,26.0,16.0,16.0,16.0,"wave1_retimed_pass1, wave1_habit_resize, wave1_2026_q4_retime",No Contrac ROQ job (parent/off-grid row) -> plan unchanged
Wave 1 (Tom/Ben),Pearl River County,MS,CDA-32568,Pearl River County-NONE-CDA-32568-Stat Area - 2027 - CDA-32568,YES,not_started,(no ROQ job),2.59,2.59,2.59,73.0,73.0,73.0,67.0,67.0,67.0,"wave1_retimed_pass1, wave1_habit_resize, wave1_2026_q4_retime",No Contrac ROQ job (parent/off-grid row) -> plan unchanged
Wave 1 (Tom/Ben),Pearl River County,MS,CDA-32569,Pearl River County-NONE-CDA-32569-Stat Area - 2027 - CDA-32569,YES,not_started,(no ROQ job),33.98,33.98,33.98,468.0,468.0,468.0,239.0,239.0,239.0,"wave1_retimed_pass1, wave1_habit_resize, wave1_2026_q4_retime",No Contrac ROQ job (parent/off-grid row) -> plan unchanged
Wave 1 (Tom/Ben),Pearl River County,MS,DA-10534,Pearl River County-NONE-DA-10534-APPROVEDDESIGNAREAS - MS BEAD Lumberton South,YES,not_started,(no ROQ job),0.25,0.25,0.25,8.0,8.0,8.0,1.0,1.0,1.0,"wave1_retimed_pass1, wave1_habit_resize, wave1_2026_q4_retime",No Contrac ROQ job (parent/off-grid row) -> plan unchanged
Wave 1 (Tom/Ben),Rapides Parish,LA,CA-4483,Rapides Parish-NONE-CA-4483-Construction Area - Mcnairy to Oakdale,YES,complete,Complete,10.25,9.97,0.0,79.0,73.0,0.0,78.0,72.1,0.0,wave1_pinned_authority,Contrac Complete -> 0 remaining (display-only; pending formal close-out)
Wave 1 (Tom/Ben),Rapides Parish,LA,CA-80,Rapides Parish-NONE-CA-80-Construction Area - Allen Erate Connector,YES,complete,(no ROQ job),60.56,2.04,2.04,794.0,0.0,0.0,67.0,0.0,0.0,wave1_pinned_authority,No Contrac ROQ job (parent/off-grid row) -> plan unchanged
Wave 1 (Tom/Ben),Rapides Parish,LA,CA-8476,Rapides Parish-NONE-CA-8476-Construction Area - McNary North,YES,complete,Complete,24.87,0.0,0.0,335.0,0.0,0.0,31.0,0.0,0.0,wave1_pinned_authority,Contrac Complete -> 0 remaining (display-only; pending formal close-out)
Wave 1 (Tom/Ben),Rapides Parish,LA,CA-8493,Rapides Parish-NONE-CA-8493-Construction Area - McNary to Oakdale West,YES,complete,Complete,3.55,0.0,0.0,50.0,0.0,0.0,38.0,0.0,0.0,wave1_pinned_authority,Contrac Complete -> 0 remaining (display-only; pending formal close-out)
Wave 1 (Tom/Ben),Rapides Parish,LA,CA-8931,Rapides Parish-NONE-CA-8931-Construction Area - Pine Coupee,YES,in_construction,Loaded,26.54,26.54,26.54,300.0,300.0,300.0,7.0,7.0,7.0,wave1_pinned_authority,No Contrac ROQ job (parent/off-grid row) -> plan unchanged
Wave 1 (Tom/Ben),Rapides Parish,LA,CA-9365,Rapides Parish-NONE-CA-9365-Construction Area - Rapides North RDOF,YES,in_construction,(no ROQ job),51.48,50.87,50.87,828.0,828.0,828.0,88.0,88.0,88.0,wave1_pinned_authority,No Contrac ROQ job (parent/off-grid row) -> plan unchanged
Wave 1 (Tom/Ben),Rapides Parish,LA,CA-9366,Rapides Parish-NONE-CA-9366-Construction Area - Rapides West RDOF,YES,in_construction,(no ROQ job),69.69,69.69,69.69,1581.0,1581.0,1581.0,562.0,562.0,562.0,wave1_pinned_authority,No Contrac ROQ job (parent/off-grid row) -> plan unchanged
Wave 1 (Tom/Ben),Rapides Parish,LA,CA-9367,Rapides Parish-NONE-CA-9367-Construction Area - Rapides Southwest RDOF,YES,in_construction,(no ROQ job),65.63,65.63,65.63,1340.0,1340.0,1340.0,1069.0,1069.0,1069.0,wave1_pinned_authority,No Contrac ROQ job (parent/off-grid row) -> plan unchanged
Wave 1 (Tom/Ben),Rapides Parish,LA,CA-9368,Rapides Parish-NONE-CA-9368-Construction Area - Rapides Central RDOF,YES,in_construction,(no ROQ job),45.02,45.02,45.02,1537.0,1537.0,1537.0,167.0,167.0,167.0,"wave1_pinned_authority, wave1_ic_remain_from_now",No Contrac ROQ job (parent/off-grid row) -> plan unchanged
Wave 1 (Tom/Ben),Rapides Parish,LA,CA-9369,Rapides Parish-NONE-CA-9369-Construction Area - Rapides South RDOF,YES,in_construction,(no ROQ job),34.14,34.14,34.14,1239.0,1239.0,1239.0,245.0,245.0,245.0,"wave1_pinned_authority, wave1_ic_remain_from_now",No Contrac ROQ job (parent/off-grid row) -> plan unchanged
Wave 1 (Tom/Ben),Rapides Parish,LA,CA-9804,Rapides Parish-NONE-CA-9804-Construction Area - Holloway Cabinet,YES,,(no ROQ job),0.19,0.19,0.19,0.0,0.0,0.0,0.0,0.0,0.0,"newborn_hi_only, newborn_status_strong, wave1_habit_resize, wave1_2026_q4_retime",No Contrac ROQ job (parent/off-grid row) -> plan unchanged
Wave 1 (Tom/Ben),Rapides Parish,LA,CDA-26977,Rapides Parish-NONE-CDA-26977-Stat Area - 2026 - CDA-26977,YES,not_started,(no ROQ job),57.19,57.19,57.19,2103.0,2103.0,2103.0,1190.0,1190.0,1190.0,"wave1_pinned_authority, wave1_ic_remain_from_now, parent_never_active",No Contrac ROQ job (parent/off-grid row) -> plan unchanged
Wave 1 (Tom/Ben),Rapides Parish,LA,CDA-27341,Rapides Parish-NONE-CDA-27341-Stat Area - 2026 - CDA-27341,YES,not_started,(no ROQ job),86.9,86.9,86.9,5978.0,5978.0,5978.0,450.0,450.0,450.0,"wave1_retimed_pass1, wave1_habit_resize, wave1_2026_q4_retime",No Contrac ROQ job (parent/off-grid row) -> plan unchanged
Wave 1 (Tom/Ben),Rapides Parish,LA,CDA-27342,Rapides Parish-NONE-CDA-27342-Stat Area - 2026 - CDA-27342,YES,not_started,(no ROQ job),99.55,99.55,99.55,3850.0,3850.0,3850.0,1108.0,1108.0,1108.0,"wave1_retimed_pass1, parent_resized_after_child, wave1_habit_resize, wave1_2026_q4_retime",No Contrac ROQ job (parent/off-grid row) -> plan unchanged
Wave 1 (Tom/Ben),Rapides Parish,LA,CDA-27343,Rapides Parish-NONE-CDA-27343-Stat Area - 2026 - CDA-27343,YES,not_started,(no ROQ job),68.8,68.8,68.8,1789.0,1789.0,1789.0,436.0,436.0,436.0,"wave1_retimed_pass1, wave1_habit_resize, wave1_2026_q4_retime",No Contrac ROQ job (parent/off-grid row) -> plan unchanged
Wave 1 (Tom/Ben),Rapides Parish,LA,CDA-27344,Rapides Parish-NONE-CDA-27344-Stat Area - 2026 - CDA-27344,YES,not_started,(no ROQ job),30.32,30.32,30.32,3121.0,3121.0,3121.0,80.0,80.0,80.0,"wave1_retimed_pass1, wave1_habit_resize, wave1_2026_q4_retime",No Contrac ROQ job (parent/off-grid row) -> plan unchanged
Wave 1 (Tom/Ben),Rapides Parish,LA,CDA-27345,Rapides Parish-NONE-CDA-27345-Stat Area - 2026 - CDA-27345,YES,not_started,(no ROQ job),61.11,61.11,61.11,3932.0,3932.0,3932.0,247.0,247.0,247.0,"wave1_retimed_pass1, wave1_habit_resize, wave1_2026_q4_retime",No Contrac ROQ job (parent/off-grid row) -> plan unchanged
Wave 1 (Tom/Ben),Rapides Parish,LA,CDA-27346,Rapides Parish-NONE-CDA-27346-Stat Area - 2026 - CDA-27346,YES,not_started,(no ROQ job),151.01,151.01,151.01,16061.0,16061.0,16061.0,283.0,283.0,283.0,"wave1_pinned_authority, wave1_ic_remain_from_now, parent_never_active",No Contrac ROQ job (parent/off-grid row) -> plan unchanged
Wave 1 (Tom/Ben),Rapides Parish,LA,CDA-27348,Rapides Parish-NONE-CDA-27348-Stat Area - 2026 - CDA-27348,YES,not_started,(no ROQ job),105.6,105.6,105.6,2914.0,2914.0,2914.0,1228.0,1228.0,1228.0,"wave1_pinned_authority, wave1_ic_remain_from_now, parent_never_active",No Contrac ROQ job (parent/off-grid row) -> plan unchanged
Wave 1 (Tom/Ben),Rapides Parish,LA,CDA-27353,Rapides Parish-NONE-CDA-27353-Stat Area - 2026 - CDA-27353,YES,not_started,(no ROQ job),0.0,0.0,0.0,3.0,3.0,3.0,1.0,1.0,1.0,"wave1_retimed_pass1, exhausted_parent_gis_review",No Contrac ROQ job (parent/off-grid row) -> plan unchanged
Wave 1 (Tom/Ben),Rapides Parish,LA,CDA-27354,Rapides Parish-NONE-CDA-27354-Stat Area - 2026 - CDA-27354,YES,not_started,(no ROQ job),0.0,0.0,0.0,45.0,45.0,45.0,17.0,17.0,17.0,"wave1_retimed_pass1, exhausted_parent_gis_review",No Contrac ROQ job (parent/off-grid row) -> plan unchanged
Wave 1 (Tom/Ben),Rapides Parish,LA,DA-10935,Rapides Parish-NONE-DA-10935-APPROVEDDESIGNAREAS - Rapides North RDOF,YES,not_started,(no ROQ job),0.0,0.0,0.0,1.0,1.0,1.0,0.0,0.0,0.0,"wave1_pinned_authority, exhausted_parent_gis_review",No Contrac ROQ job (parent/off-grid row) -> plan unchanged
Wave 1 (Tom/Ben),Rapides Parish,LA,DA-6751,Rapides Parish-NONE-DA-6751-APPROVEDDESIGNAREAS - Mcnary/Forest HIll/Glenmora,YES,not_started,(no ROQ job),1.62,1.62,1.62,244.0,244.0,244.0,47.0,47.0,47.0,"wave1_retimed_pass1, wave1_habit_resize, wave1_2026_q4_retime",No Contrac ROQ job (parent/off-grid row) -> plan unchanged
Wave 1 (Tom/Ben),Rapides Parish,LA,DA-6753,Rapides Parish-NONE-DA-6753-APPROVEDDESIGNAREAS - Mcnary North,YES,not_started,(no ROQ job),0.0,0.0,0.0,12.0,12.0,12.0,1.0,1.0,1.0,"wave1_retimed_pass1, exhausted_parent_gis_review",No Contrac ROQ job (parent/off-grid row) -> plan unchanged
Wave 1 (Tom/Ben),Red River Parish,LA,CA-8471,Red River Parish-NONE-CA-8471-Construction Area - West Red River,YES,complete,Complete,65.27,13.45,2.13,388.0,49.0,0.0,27.0,3.4,0.0,wave1_pinned_authority,Contrac Complete -> 0 remaining (display-only; pending formal close-out)
Wave 1 (Tom/Ben),Red River Parish,LA,CA-8490,Red River Parish-NONE-CA-8490-Construction Area - Martin Preterm 2,YES,complete,Complete,44.63,0.0,1.07,544.0,3.0,0.0,23.0,0.1,0.0,wave1_pinned_authority,Contrac Complete -> 0 remaining (display-only; pending formal close-out)
Wave 1 (Tom/Ben),Red River Parish,LA,CA-8491,Red River Parish-NONE-CA-8491-Construction Area - Fairview Alpha Preterm 1,YES,complete,Complete,17.26,1.36,0.92,272.0,40.0,0.0,0.0,0.0,0.0,wave1_pinned_authority,Contrac Complete -> 0 remaining (display-only; pending formal close-out)
Wave 1 (Tom/Ben),Red River Parish,LA,CA-8497,Red River Parish-NONE-CA-8497-Construction Area - Fairview Alpha Preterm 2,YES,complete,Complete,24.85,24.33,24.85,357.0,357.0,0.0,132.0,132.0,0.0,wave1_pinned_authority,Contrac Complete -> 0 remaining (display-only; pending formal close-out)
Wave 1 (Tom/Ben),Red River Parish,LA,CA-8498,Red River Parish-NONE-CA-8498-Construction Area - Martin Preterm 1,YES,in_construction,In Construction,44.95,0.0,2.37,424.0,0.0,22.3,3.0,0.0,0.2,wave1_pinned_authority,"Contrac In Construction, 94.7% complete -> prorated"
Wave 1 (Tom/Ben),Red River Parish,LA,CA-8499,Red River Parish-NONE-CA-8499-Construction Area - Cross Roads Service Area,YES,in_construction,In Construction,60.78,60.78,1.73,682.0,682.0,19.4,71.0,71.0,2.0,wave1_pinned_authority,"Contrac In Construction, 97.2% complete -> prorated"
Wave 1 (Tom/Ben),Red River Parish,LA,DA-6825,Red River Parish-NONE-DA-6825-APPROVEDDESIGNAREAS - Red River Central,YES,not_started,(no ROQ job),0.0,0.0,0.0,12.0,12.0,12.0,5.0,5.0,5.0,"wave1_retimed_pass1, exhausted_parent_gis_review",No Contrac ROQ job (parent/off-grid row) -> plan unchanged
Wave 1 (Tom/Ben),Red River Parish,LA,DA-6833,Red River Parish-NONE-DA-6833-APPROVEDDESIGNAREAS - West Red River,YES,not_started,(no ROQ job),0.0,0.0,0.0,12.0,12.0,12.0,4.0,4.0,4.0,"wave1_retimed_pass1, exhausted_parent_gis_review",No Contrac ROQ job (parent/off-grid row) -> plan unchanged
Wave 1 (Tom/Ben),Red River Parish,LA,DA-8504,Red River Parish-NONE-DA-8504-APPROVEDDESIGNAREAS - Red River Northeast,YES,not_started,(no ROQ job),0.0,0.0,0.0,3.0,3.0,3.0,0.0,0.0,0.0,"wave1_retimed_pass1, exhausted_parent_gis_review",No Contrac ROQ job (parent/off-grid row) -> plan unchanged
Wave 1 (Tom/Ben),Red River Parish,LA,DA-8505,Red River Parish-NONE-DA-8505-APPROVEDDESIGNAREAS - Methvin,YES,not_started,(no ROQ job),0.0,0.0,0.0,1.0,1.0,1.0,0.0,0.0,0.0,"wave1_retimed_pass1, exhausted_parent_gis_review",No Contrac ROQ job (parent/off-grid row) -> plan unchanged
Wave 1 (Tom/Ben),Red River Parish,LA,DA-8506,Red River Parish-NONE-DA-8506-APPROVEDDESIGNAREAS - Martin East,YES,not_started,(no ROQ job),0.0,0.0,0.0,4.0,4.0,4.0,0.0,0.0,0.0,"wave1_retimed_pass1, exhausted_parent_gis_review",No Contrac ROQ job (parent/off-grid row) -> plan unchanged
Wave 1 (Tom/Ben),Red River Parish,LA,DA-8508,Red River Parish-NONE-DA-8508-APPROVEDDESIGNAREAS - Halfway,YES,not_started,(no ROQ job),0.0,0.0,0.0,1.0,1.0,1.0,0.0,0.0,0.0,"wave1_pinned_authority, exhausted_parent_gis_review",No Contrac ROQ job (parent/off-grid row) -> plan unchanged
Wave 1 (Tom/Ben),Red River Parish,LA,DA-8509,Red River Parish-NONE-DA-8509-APPROVEDDESIGNAREAS - Red River Central East,YES,not_started,(no ROQ job),0.0,0.0,0.0,3.0,3.0,3.0,0.0,0.0,0.0,"wave1_retimed_pass1, exhausted_parent_gis_review",No Contrac ROQ job (parent/off-grid row) -> plan unchanged
Wave 1 (Tom/Ben),Red River Parish,LA,DA-8510,Red River Parish-NONE-DA-8510-APPROVEDDESIGNAREAS - Martin West,YES,not_started,(no ROQ job),5.15,5.15,5.15,70.0,70.0,70.0,0.0,0.0,0.0,"wave1_pinned_authority, parent_never_active",No Contrac ROQ job (parent/off-grid row) -> plan unchanged
Wave 1 (Tom/Ben),Red River Parish,LA,DA-8511,Red River Parish-NONE-DA-8511-APPROVEDDESIGNAREAS - Mount Zion East,YES,not_started,(no ROQ job),0.0,0.0,0.0,1.0,1.0,1.0,0.0,0.0,0.0,"wave1_retimed_pass1, exhausted_parent_gis_review",No Contrac ROQ job (parent/off-grid row) -> plan unchanged
Wave 1 (Tom/Ben),Sabine Parish,LA,CA-5285,Sabine Parish-NONE-CA-5285-Construction Area - Florien Service Area,YES,complete,Complete,136.01,2.03,14.07,2182.0,23.0,0.0,141.0,1.5,0.0,wave1_pinned_authority,Contrac Complete -> 0 remaining (display-only; pending formal close-out)
Wave 1 (Tom/Ben),Sabine Parish,LA,CA-5286,Sabine Parish-NONE-CA-5286-Construction Area - Hornbeck Expansion,YES,complete,Complete,22.51,0.0,0.0,325.0,0.0,0.0,55.0,0.0,0.0,wave1_pinned_authority,Contrac Complete -> 0 remaining (display-only; pending formal close-out)
Wave 1 (Tom/Ben),Sabine Parish,LA,CA-5288,Sabine Parish-NONE-CA-5288-Construction Area - Toro Service Area,YES,complete,Complete,93.31,0.34,5.37,2769.0,81.0,0.0,194.0,5.7,0.0,wave1_pinned_authority,Contrac Complete -> 0 remaining (display-only; pending formal close-out)
Wave 1 (Tom/Ben),Sabine Parish,LA,CA-6092,Sabine Parish-NONE-CA-6092-Construction Area - Many Construction Area,YES,complete,Complete,141.38,7.27,2.71,3622.0,345.0,0.0,266.0,25.3,0.0,wave1_pinned_authority,Contrac Complete -> 0 remaining (display-only; pending formal close-out)
Wave 1 (Tom/Ben),Sabine Parish,LA,CA-6492,Sabine Parish-NONE-CA-6492-Construction Area - Florien Expansion Construction Area,YES,complete,Complete,51.71,51.71,38.67,1724.0,1724.0,0.0,960.0,960.0,0.0,wave1_pinned_authority,Contrac Complete -> 0 remaining (display-only; pending formal close-out)
Wave 1 (Tom/Ben),Sabine Parish,LA,CA-6892,Sabine Parish-NONE-CA-6892-Construction Area - Zwolle Construction Area,YES,in_construction,In Construction,209.85,42.27,32.94,5800.0,1745.0,910.3,683.0,205.5,107.2,wave1_pinned_authority,"Contrac In Construction, 84.3% complete -> prorated"
Wave 1 (Tom/Ben),Sabine Parish,LA,CA-7579,Sabine Parish-NONE-CA-7579-Construction Area - Robeline Remaining - Sabine,YES,complete,Complete,10.93,0.0,0.0,105.0,0.0,0.0,4.0,0.0,0.0,wave1_pinned_authority,Contrac Complete -> 0 remaining (display-only; pending formal close-out)
Wave 1 (Tom/Ben),Sabine Parish,LA,CA-9384,Sabine Parish-NONE-CA-9384-Construction Area - Toledo Bend,YES,in_construction,(no ROQ job),5.28,3.54,3.54,74.0,74.0,74.0,2.0,2.0,2.0,"wave1_pinned_authority, operator_restored_williams_v825",No Contrac ROQ job (parent/off-grid row) -> plan unchanged
Wave 1 (Tom/Ben),Sabine Parish,LA,CDA-29049,Sabine Parish-NONE-CDA-29049-Stat Area - 2027 - CDA-29049,YES,not_started,(no ROQ job),0.0,0.0,0.0,24.0,24.0,24.0,3.0,3.0,3.0,"wave1_retimed_pass1, exhausted_parent_gis_review",No Contrac ROQ job (parent/off-grid row) -> plan unchanged
Wave 1 (Tom/Ben),Sabine Parish,LA,DA-4901,Sabine Parish-NONE-DA-4901-APPROVEDDESIGNAREAS - Florien to Hornbeck,YES,complete,(no ROQ job),0.0,0.0,0.0,6.0,6.0,6.0,1.0,1.0,1.0,"wave1_pinned_authority, exhausted_parent_gis_review",No Contrac ROQ job (parent/off-grid row) -> plan unchanged
Wave 1 (Tom/Ben),Sabine Parish,LA,DA-4902,Sabine Parish-NONE-DA-4902-APPROVEDDESIGNAREAS - Sabine West 1,YES,complete,(no ROQ job),0.37,0.0,0.0,21.0,0.0,0.0,3.0,0.0,0.0,"wave1_pinned_authority, exhausted_parent_gis_review",No Contrac ROQ job (parent/off-grid row) -> plan unchanged
Wave 1 (Tom/Ben),Sabine Parish,LA,DA-5298,Sabine Parish-NONE-DA-5298-APPROVEDDESIGNAREAS - Sabine West 2,YES,complete,(no ROQ job),0.03,0.0,0.0,29.0,1.0,1.0,0.0,0.0,0.0,"wave1_pinned_authority, exhausted_parent_gis_review",No Contrac ROQ job (parent/off-grid row) -> plan unchanged
Wave 1 (Tom/Ben),Simpson County,MS,CDA-32556,Simpson County-NONE-CDA-32556-Stat Area - 2027 - CDA-32556,YES,not_started,(no ROQ job),1.29,1.29,1.29,13.0,13.0,13.0,0.0,0.0,0.0,"wave1_retimed_pass1, wave1_habit_resize, wave1_2026_q4_retime",No Contrac ROQ job (parent/off-grid row) -> plan unchanged
Wave 1 (Tom/Ben),Simpson County,MS,CDA-32558,Simpson County-NONE-CDA-32558-Stat Area - 2027 - CDA-32558,YES,not_started,(no ROQ job),0.18,0.18,0.18,1.0,1.0,1.0,0.0,0.0,0.0,"wave1_retimed_pass1, wave1_habit_resize, wave1_2026_q4_retime",No Contrac ROQ job (parent/off-grid row) -> plan unchanged
Wave 1 (Tom/Ben),Simpson County,MS,CDA-32559,Simpson County-NONE-CDA-32559-Stat Area - 2027 - CDA-32559,YES,not_started,(no ROQ job),0.15,0.15,0.15,3.0,3.0,3.0,1.0,1.0,1.0,"wave1_retimed_pass1, wave1_habit_resize, wave1_2026_q4_retime",No Contrac ROQ job (parent/off-grid row) -> plan unchanged
Wave 1 (Tom/Ben),St. Helena Parish,LA,CA-8487,St. Helena Parish-NONE-CA-8487-Construction Area - St Helena West,YES,in_construction,In Construction,49.27,12.77,1.44,462.0,142.0,18.8,85.0,26.1,3.5,wave1_pinned_authority,"Contrac In Construction, 95.9% complete -> prorated"
Wave 1 (Tom/Ben),St. Helena Parish,LA,CA-8488,St. Helena Parish-NONE-CA-8488-Construction Area - St Helena Northeast,YES,complete,Complete,65.21,0.0,3.33,849.0,0.0,0.0,0.0,0.0,0.0,wave1_pinned_authority,Contrac Complete -> 0 remaining (display-only; pending formal close-out)
Wave 1 (Tom/Ben),St. Helena Parish,LA,DA-6831,St. Helena Parish-NONE-DA-6831-APPROVEDDESIGNAREAS - St. Helena West,YES,not_started,(no ROQ job),0.0,0.0,0.0,89.0,89.0,89.0,2.0,2.0,2.0,"wave1_retimed_pass1, exhausted_parent_gis_review",No Contrac ROQ job (parent/off-grid row) -> plan unchanged
Wave 1 (Tom/Ben),St. Helena Parish,LA,DA-7298,St. Helena Parish-NONE-DA-7298-APPROVEDDESIGNAREAS - St. Helena Northeast,YES,not_started,(no ROQ job),0.0,0.0,0.0,13.0,13.0,13.0,0.0,0.0,0.0,"wave1_retimed_pass1, exhausted_parent_gis_review",No Contrac ROQ job (parent/off-grid row) -> plan unchanged
Wave 1 (Tom/Ben),St. Landry Parish,LA,CA-8507,St. Landry Parish-NONE-CA-8507-Construction Area - St Landry Remaining,YES,in_construction,In Construction,69.28,69.28,12.07,970.0,970.0,256.0,1.0,1.0,0.3,wave1_pinned_authority,"Contrac In Construction, 73.6% complete -> prorated"
Wave 1 (Tom/Ben),St. Landry Parish,LA,CA-8913,St. Landry Parish-NONE-CA-8913-Construction Area - Cottonport to Bunkie Transport South,YES,complete,Complete,7.6,6.91,1.11,61.0,61.0,0.0,12.0,12.0,0.0,wave1_pinned_authority,Contrac Complete -> 0 remaining (display-only; pending formal close-out)
Wave 1 (Tom/Ben),St. Landry Parish,LA,CA-8920,St. Landry Parish-NONE-CA-8920-Construction Area - St Landry State Rds,YES,in_construction,In Construction,65.41,65.41,21.7,475.0,475.0,79.1,0.0,0.0,0.0,wave1_pinned_authority,"Contrac In Construction, 83.3% complete -> prorated"
Wave 1 (Tom/Ben),St. Landry Parish,LA,CDA-28964,St. Landry Parish-NONE-CDA-28964-Stat Area - 2026 - CDA-28964,YES,not_started,(no ROQ job),0.0,0.0,0.0,69.0,69.0,69.0,0.0,0.0,0.0,"wave1_pinned_authority, wave1_bucket_b_pack_2027, wave1_2027_spread, exhausted_parent_gis_review",No Contrac ROQ job (parent/off-grid row) -> plan unchanged
Wave 1 (Tom/Ben),St. Landry Parish,LA,DA-6738,St. Landry Parish-NONE-DA-6738-APPROVEDDESIGNAREAS - St. Landry Funded,YES,not_started,(no ROQ job),0.0,0.0,0.0,49.0,49.0,49.0,1.0,1.0,1.0,"wave1_pinned_authority, exhausted_parent_gis_review",No Contrac ROQ job (parent/off-grid row) -> plan unchanged
Wave 1 (Tom/Ben),St. Martin Parish,LA,CDA-27394,St. Martin Parish-NONE-CDA-27394-Stat Area - 2027 - CDA-27394,YES,not_started,(no ROQ job),124.87,124.87,124.87,6260.0,6260.0,6260.0,417.0,417.0,417.0,"wave1_retimed_pass1, wave1_habit_resize, wave1_2026_q4_retime",No Contrac ROQ job (parent/off-grid row) -> plan unchanged
Wave 1 (Tom/Ben),Tensas Parish,LA,CA-8948,Tensas Parish-NONE-CA-8948-Construction Area - Tensas,YES,in_construction,Loaded,124.12,124.12,124.12,1563.0,1563.0,1563.0,430.0,430.0,430.0,wave1_pinned_authority,No Contrac ROQ job (parent/off-grid row) -> plan unchanged
Wave 1 (Tom/Ben),Tensas Parish,LA,CA-8963,Tensas Parish-NONE-CA-8963-Construction Area - Tensas Connector,YES,in_construction,Loaded,5.59,5.59,5.59,138.0,138.0,138.0,6.0,6.0,6.0,wave1_pinned_authority,No Contrac ROQ job (parent/off-grid row) -> plan unchanged
Wave 1 (Tom/Ben),Tensas Parish,LA,CDA-27400,Tensas Parish-NONE-CDA-27400-Stat Area - 2027 - CDA-27400,YES,not_started,(no ROQ job),0.0,0.0,0.0,1.0,1.0,1.0,0.0,0.0,0.0,"wave1_retimed_pass1, exhausted_parent_gis_review",No Contrac ROQ job (parent/off-grid row) -> plan unchanged
Wave 1 (Tom/Ben),Tensas Parish,LA,DA-6842,Tensas Parish-NONE-DA-6842-APPROVEDDESIGNAREAS - Tensas,YES,not_started,(no ROQ job),0.0,0.0,0.0,9.0,9.0,9.0,6.0,6.0,6.0,"wave1_pinned_authority, exhausted_parent_gis_review",No Contrac ROQ job (parent/off-grid row) -> plan unchanged
Wave 1 (Tom/Ben),Vermilion Parish,LA,CDA-26957,Vermilion Parish-NONE-CDA-26957-Stat Area - 2027 - CDA-26957,YES,not_started,(no ROQ job),222.02,222.02,222.02,2381.0,2381.0,2381.0,931.0,931.0,931.0,"wave1_retimed_pass1, wave1_habit_resize, wave1_2026_q4_retime",No Contrac ROQ job (parent/off-grid row) -> plan unchanged
Wave 1 (Tom/Ben),Vermilion Parish,LA,DA-10516,Vermilion Parish-NONE-DA-10516-APPROVEDDESIGNAREAS - Vermillion Parish,YES,not_started,(no ROQ job),7.11,7.11,7.11,757.0,757.0,757.0,0.0,0.0,0.0,"wave1_retimed_pass1, wave1_mk48_resize, parent_resized_after_child, wave1_habit_resize, wave1_2026_q4_retime, parent_polygon_volume_review",No Contrac ROQ job (parent/off-grid row) -> plan unchanged
Wave 1 (Tom/Ben),Vermilion Parish,LA,DA-10976,Vermilion Parish-NONE-DA-10976-APPROVEDDESIGNAREAS - Vermilion-1,YES,,(no ROQ job),0.0,0.0,0.0,96.0,96.0,96.0,16.0,16.0,16.0,"newborn_hi_only, newborn_status_strong, exhausted_parent_gis_review",No Contrac ROQ job (parent/off-grid row) -> plan unchanged
Wave 1 (Tom/Ben),Vernon Parish,LA,CA-1,Vernon Parish-NONE-CA-1-Construction Area - Vernon Erate - Phase 1,YES,complete,(no ROQ job),102.55,0.67,0.67,909.0,7.0,7.0,134.0,1.0,1.0,wave1_pinned_authority,No Contrac ROQ job (parent/off-grid row) -> plan unchanged
Wave 1 (Tom/Ben),Vernon Parish,LA,CA-100,Vernon Parish-NONE-CA-100-Construction Area - Vernon Erate - Phase 3.4,YES,complete,(no ROQ job),108.28,1.04,1.04,1098.0,2.0,2.0,96.0,0.2,0.2,wave1_pinned_authority,No Contrac ROQ job (parent/off-grid row) -> plan unchanged
Wave 1 (Tom/Ben),Vernon Parish,LA,CA-1272,"Vernon Parish-NONE-CA-1272-Construction Area - Evans, LA",YES,complete,Complete,65.9,0.0,33.11,300.0,0.0,0.0,4.0,0.0,0.0,wave1_pinned_authority,Contrac Complete -> 0 remaining (display-only; pending formal close-out)
Wave 1 (Tom/Ben),Vernon Parish,LA,CA-1273,"Vernon Parish-NONE-CA-1273-Construction Area - Hornbeck, LA",YES,complete,Complete,40.31,0.34,0.0,877.0,3.0,0.0,75.0,0.3,0.0,wave1_pinned_authority,Contrac Complete -> 0 remaining (display-only; pending formal close-out)
Wave 1 (Tom/Ben),Vernon Parish,LA,CA-1274,"Vernon Parish-NONE-CA-1274-Construction Area - Leesville, LA",YES,complete,Complete,88.61,4.74,2.49,1776.0,115.0,0.0,222.0,14.4,0.0,wave1_pinned_authority,Contrac Complete -> 0 remaining (display-only; pending formal close-out)
Wave 1 (Tom/Ben),Vernon Parish,LA,CA-1275,"Vernon Parish-NONE-CA-1275-Construction Area - Moriah Rd. Vernon Parish, LA",YES,complete,Complete,31.76,4.83,3.94,236.0,7.0,0.0,22.0,0.7,0.0,wave1_pinned_authority,Contrac Complete -> 0 remaining (display-only; pending formal close-out)
Wave 1 (Tom/Ben),Vernon Parish,LA,CA-1276,"Vernon Parish-NONE-CA-1276-Construction Area - Pitkin, LA",YES,complete,(no ROQ job),1.94,0.39,0.39,3.0,3.0,3.0,0.0,0.0,0.0,wave1_pinned_authority,No Contrac ROQ job (parent/off-grid row) -> plan unchanged
Wave 1 (Tom/Ben),Vernon Parish,LA,CA-1277,"Vernon Parish-NONE-CA-1277-Construction Area - Rosepine, LA",YES,complete,Complete,83.37,4.24,3.1,1487.0,2.0,0.0,370.0,0.5,0.0,wave1_pinned_authority,Contrac Complete -> 0 remaining (display-only; pending formal close-out)
Wave 1 (Tom/Ben),Vernon Parish,LA,CA-1278,"Vernon Parish-NONE-CA-1278-Construction Area - Simpson, LA",YES,complete,Complete,73.98,0.0,2.52,488.0,0.0,0.0,19.0,0.0,0.0,wave1_pinned_authority,Contrac Complete -> 0 remaining (display-only; pending formal close-out)
Wave 1 (Tom/Ben),Vernon Parish,LA,CA-19,Vernon Parish-NONE-CA-19-Construction Area - Vernon Erate - Phase 3.3,YES,complete,(no ROQ job),40.3,1.78,1.78,78.0,0.0,0.0,20.0,0.0,0.0,wave1_pinned_authority,No Contrac ROQ job (parent/off-grid row) -> plan unchanged
Wave 1 (Tom/Ben),Vernon Parish,LA,CA-29,Vernon Parish-NONE-CA-29-Construction Area - Vernon Erate - Phase 3.1 Leesville,YES,complete,(no ROQ job),35.91,0.74,0.74,614.0,7.0,7.0,44.0,0.5,0.5,wave1_pinned_authority,No Contrac ROQ job (parent/off-grid row) -> plan unchanged
Wave 1 (Tom/Ben),Vernon Parish,LA,CA-40,Vernon Parish-NONE-CA-40-Construction Area - Vernon Gumbo - Hornbeck,YES,complete,(no ROQ job),18.49,0.0,0.0,458.0,0.0,0.0,71.0,0.0,0.0,wave1_pinned_authority,No Contrac ROQ job (parent/off-grid row) -> plan unchanged
Wave 1 (Tom/Ben),Vernon Parish,LA,CA-64,Vernon Parish-NONE-CA-64-Construction Area - Vernon Erate - Phase 2a,YES,complete,(no ROQ job),28.5,1.42,1.42,188.0,2.0,2.0,66.0,0.7,0.7,wave1_pinned_authority,No Contrac ROQ job (parent/off-grid row) -> plan unchanged
Wave 1 (Tom/Ben),Vernon Parish,LA,CA-73,Vernon Parish-NONE-CA-73-Construction Area - Vernon Erate - Phase 2b,YES,complete,(no ROQ job),60.21,1.87,1.87,220.0,2.0,2.0,4.0,0.0,0.0,wave1_pinned_authority,No Contrac ROQ job (parent/off-grid row) -> plan unchanged
Wave 1 (Tom/Ben),Vernon Parish,LA,CA-8495,Vernon Parish-NONE-CA-8495-Construction Area - Merryville Priority 1 - Vernon,YES,complete,Complete,3.93,0.0,0.0,27.0,0.0,0.0,0.0,0.0,0.0,wave1_pinned_authority,Contrac Complete -> 0 remaining (display-only; pending formal close-out)
Wave 1 (Tom/Ben),Vernon Parish,LA,CA-85,Vernon Parish-NONE-CA-85-Construction Area - Vernon Erate - Phase 3.2,YES,complete,(no ROQ job),25.51,0.0,0.0,457.0,1.0,1.0,34.0,0.1,0.1,wave1_pinned_authority,No Contrac ROQ job (parent/off-grid row) -> plan unchanged
Wave 1 (Tom/Ben),Vernon Parish,LA,CA-9364,Vernon Parish-NONE-CA-9364-Construction Area - NLSVL Addition,YES,not_started,(no ROQ job),0.0,0.0,0.0,29.0,29.0,29.0,0.0,0.0,0.0,"wave1_pinned_authority, wave1_bucket_b_pack_2027, wave1_2027_spread",No Contrac ROQ job (parent/off-grid row) -> plan unchanged
Wave 1 (Tom/Ben),Vernon Parish,LA,CA-9385,Vernon Parish-NONE-CA-9385-Construction Area - Toledo Bend - Vernon,YES,in_construction,(no ROQ job),5.06,2.92,2.92,32.0,32.0,32.0,2.0,2.0,2.0,"wave1_pinned_authority, wave1_ic_remain_from_now",No Contrac ROQ job (parent/off-grid row) -> plan unchanged
Wave 1 (Tom/Ben),Vernon Parish,LA,CDA-26547,Vernon Parish-NONE-CDA-26547-Stat Area - 2027 - CDA-26547,YES,not_started,(no ROQ job),6.48,6.48,6.48,133.0,133.0,133.0,28.0,28.0,28.0,"wave1_retimed_pass1, wave1_habit_resize, wave1_2026_q4_retime",No Contrac ROQ job (parent/off-grid row) -> plan unchanged
Wave 1 (Tom/Ben),Vernon Parish,LA,CDA-26549,Vernon Parish-NONE-CDA-26549-Stat Area - 2027 - CDA-26549,YES,not_started,(no ROQ job),52.17,52.17,52.17,2991.0,2991.0,2991.0,327.0,327.0,327.0,"wave1_pinned_authority, wave1_ic_remain_from_now, parent_never_active",No Contrac ROQ job (parent/off-grid row) -> plan unchanged
Wave 1 (Tom/Ben),Vernon Parish,LA,CDA-26550,Vernon Parish-NONE-CDA-26550-Stat Area - 2027 - CDA-26550,YES,not_started,(no ROQ job),9.67,9.67,9.67,299.0,299.0,299.0,84.0,84.0,84.0,"wave1_retimed_pass1, wave1_habit_resize, wave1_2026_q4_retime",No Contrac ROQ job (parent/off-grid row) -> plan unchanged
Wave 1 (Tom/Ben),Vernon Parish,LA,CDA-26551,Vernon Parish-NONE-CDA-26551-Stat Area - 2027 - CDA-26551,YES,not_started,(no ROQ job),3.98,3.98,3.98,264.0,264.0,264.0,109.0,109.0,109.0,"wave1_retimed_pass1, wave1_habit_resize, wave1_2026_q4_retime",No Contrac ROQ job (parent/off-grid row) -> plan unchanged
Wave 1 (Tom/Ben),Vernon Parish,LA,CDA-26552,Vernon Parish-NONE-CDA-26552-Stat Area - 2027 - CDA-26552,YES,not_started,(no ROQ job),13.45,13.45,13.45,777.0,776.0,776.0,190.0,189.8,189.8,"wave1_pinned_authority, wave1_ic_remain_from_now, parent_never_active",No Contrac ROQ job (parent/off-grid row) -> plan unchanged
Wave 1 (Tom/Ben),Vernon Parish,LA,DA-10524,Vernon Parish-NONE-DA-10524-APPROVEDDESIGNAREAS - FW - EACAM Build 4,YES,not_started,(no ROQ job),0.0,0.0,0.0,10.0,10.0,10.0,0.0,0.0,0.0,"no_hi_identity, wave1_retimed_pass1, exhausted_parent_gis_review",No Contrac ROQ job (parent/off-grid row) -> plan unchanged
Wave 1 (Tom/Ben),Vernon Parish,LA,DA-12,Vernon Parish-NONE-DA-12-APPROVEDDESIGNAREAS - Vernon Erate - Phase 1,YES,complete,(no ROQ job),0.0,0.0,0.0,4.0,4.0,4.0,1.0,1.0,1.0,"wave1_pinned_authority, exhausted_parent_gis_review",No Contrac ROQ job (parent/off-grid row) -> plan unchanged
Wave 1 (Tom/Ben),Vernon Parish,LA,DA-2951,Vernon Parish-NONE-DA-2951-APPROVEDDESIGNAREAS - Vernon Erate - Phase 3.3,YES,complete,(no ROQ job),0.0,0.0,0.0,2.0,2.0,2.0,0.0,0.0,0.0,"wave1_pinned_authority, exhausted_parent_gis_review",No Contrac ROQ job (parent/off-grid row) -> plan unchanged
Wave 1 (Tom/Ben),Vernon Parish,LA,DA-2978,Vernon Parish-NONE-DA-2978-APPROVEDDESIGNAREAS - Vernon Erate - Phase 2a,YES,complete,(no ROQ job),0.0,0.0,0.0,4.0,4.0,4.0,4.0,4.0,4.0,"wave1_pinned_authority, exhausted_parent_gis_review",No Contrac ROQ job (parent/off-grid row) -> plan unchanged
Wave 1 (Tom/Ben),Vernon Parish,LA,DA-2979,Vernon Parish-NONE-DA-2979-APPROVEDDESIGNAREAS - Vernon Erate - Phase 2b,YES,complete,(no ROQ job),0.0,0.0,0.0,4.0,4.0,4.0,3.0,3.0,3.0,"wave1_pinned_authority, exhausted_parent_gis_review",No Contrac ROQ job (parent/off-grid row) -> plan unchanged
Wave 1 (Tom/Ben),Vernon Parish,LA,DA-6743,Vernon Parish-NONE-DA-6743-APPROVEDDESIGNAREAS - Merryville Service Area - Vernon,YES,not_started,(no ROQ job),0.0,0.0,0.0,1.0,1.0,1.0,0.0,0.0,0.0,"wave1_retimed_pass1, exhausted_parent_gis_review",No Contrac ROQ job (parent/off-grid row) -> plan unchanged
Wave 1 (Tom/Ben),Washington Parish,LA,CA-4485,Washington Parish-NONE-CA-4485-Construction Area - Bogalusa - Ring Completion,YES,complete,(no ROQ job),9.49,9.49,9.49,713.0,713.0,713.0,89.0,89.0,89.0,wave1_pinned_authority,No Contrac ROQ job (parent/off-grid row) -> plan unchanged
Wave 1 (Tom/Ben),Webster Parish,LA,CDA-26946,Webster Parish-NONE-CDA-26946-Stat Area - 2026 - CDA-26946,YES,not_started,(no ROQ job),67.07,67.07,67.07,4161.0,4161.0,4161.0,150.0,150.0,150.0,"wave1_retimed_pass1, wave1_habit_resize, wave1_2026_q4_retime",No Contrac ROQ job (parent/off-grid row) -> plan unchanged
Wave 1 (Tom/Ben),Webster Parish,LA,CDA-26951,Webster Parish-NONE-CDA-26951-Stat Area - 2026 - CDA-26951,YES,not_started,(no ROQ job),16.43,16.43,16.43,319.0,319.0,319.0,79.0,79.0,79.0,"wave1_retimed_pass1, wave1_habit_resize, wave1_2026_q4_retime",No Contrac ROQ job (parent/off-grid row) -> plan unchanged
Wave 1 (Tom/Ben),West Feliciana Parish,LA,CA-4292,West Feliciana Parish-NONE-CA-4292-Construction Area - Weyanoke,YES,in_construction,In Construction,93.09,67.87,23.37,1279.0,743.0,223.9,63.0,36.6,11.0,wave1_pinned_authority,"Contrac In Construction, 82.5% complete -> prorated"
Wave 1 (Tom/Ben),West Feliciana Parish,LA,CA-4348,West Feliciana Parish-NONE-CA-4348-Construction Area - Wakefield,YES,in_construction,In Construction,68.37,46.8,6.33,1290.0,774.0,182.8,177.0,106.2,25.1,wave1_pinned_authority,"Contrac In Construction, 85.8% complete -> prorated"
Wave 1 (Tom/Ben),West Feliciana Parish,LA,CA-4397,West Feliciana Parish-NONE-CA-4397-Construction Area - St Francisville,YES,in_construction,In Construction,109.93,22.99,6.62,2876.0,250.0,-1.9,760.0,66.1,-0.5,wave1_pinned_authority,"Contrac In Construction, 100.1% complete -> prorated"
Wave 1 (Tom/Ben),West Feliciana Parish,LA,DA-2888,West Feliciana Parish-NONE-DA-2888-APPROVEDDESIGNAREAS - West Feliciana Gumbo,YES,not_started,(no ROQ job),0.0,0.0,0.0,14.0,14.0,14.0,13.0,13.0,13.0,"wave1_retimed_pass1, exhausted_parent_gis_review",No Contrac ROQ job (parent/off-grid row) -> plan unchanged
Wave 1 (Tom/Ben),West Feliciana Parish,LA,DA-2889,West Feliciana Parish-NONE-DA-2889-APPROVEDDESIGNAREAS - West Feliciana RDOF Section 1,YES,not_started,(no ROQ job),21.37,21.37,21.37,128.0,128.0,128.0,107.0,107.0,107.0,"wave1_retimed_pass1, wave1_habit_resize, wave1_2026_q4_retime",No Contrac ROQ job (parent/off-grid row) -> plan unchanged
Wave 1 (Tom/Ben),Wilkinson County,MS,CA-8451,Wilkinson County-NONE-CA-8451-Construction Area - Ashwood,YES,complete,Complete,35.88,1.83,4.76,390.0,5.0,0.0,20.0,0.3,0.0,wave1_pinned_authority,Contrac Complete -> 0 remaining (display-only; pending formal close-out)
Wave 1 (Tom/Ben),Wilkinson County,MS,CA-8463,Wilkinson County-NONE-CA-8463-Construction Area - Woodville To Centreville,YES,complete,Complete,42.07,10.19,7.22,632.0,97.0,0.0,76.0,11.7,0.0,wave1_pinned_authority,Contrac Complete -> 0 remaining (display-only; pending formal close-out)
Wave 1 (Tom/Ben),Wilkinson County,MS,CA-8464,Wilkinson County-NONE-CA-8464-Construction Area - Woodville,YES,in_construction,In Construction,11.62,3.86,3.53,1249.0,281.0,259.9,208.0,46.8,43.3,wave1_pinned_authority,"Contrac In Construction, 79.2% complete -> prorated"
Wave 1 (Tom/Ben),Wilkinson County,MS,CA-8465,Wilkinson County-NONE-CA-8465-Construction Area - Centreville,YES,in_construction,In Construction,15.44,3.02,0.74,975.0,385.0,-28.4,292.0,115.3,-8.5,wave1_pinned_authority,"Contrac In Construction, 102.9% complete -> prorated"
Wave 1 (Tom/Ben),Wilkinson County,MS,CDA-32572,Wilkinson County-NONE-CDA-32572-Stat Area - 2028 - CDA-32572,YES,not_started,(no ROQ job),2.03,2.03,2.03,0.0,0.0,0.0,0.0,0.0,0.0,"wave1_retimed_pass1, wave1_habit_resize, wave1_2026_q4_retime",No Contrac ROQ job (parent/off-grid row) -> plan unchanged
Wave 1 (Tom/Ben),Wilkinson County,MS,DA-6882,Wilkinson County-NONE-DA-6882-APPROVEDDESIGNAREAS - CPF_BEAM_Southwest,YES,not_started,(no ROQ job),0.36,0.36,0.36,10.0,10.0,10.0,5.0,5.0,5.0,"wave1_retimed_pass1, wave1_habit_resize, wave1_2026_q4_retime, parent_polygon_volume_review",No Contrac ROQ job (parent/off-grid row) -> plan unchanged
Wave 1 (Tom/Ben),Wilkinson County,MS,DA-7295,Wilkinson County-NONE-DA-7295-APPROVEDDESIGNAREAS - Ashwood,YES,not_started,(no ROQ job),0.09,0.09,0.09,1.0,1.0,1.0,0.0,0.0,0.0,"wave1_retimed_pass1, exhausted_parent_gis_review",No Contrac ROQ job (parent/off-grid row) -> plan unchanged
Wave 1 (Tom/Ben),Winn Parish,LA,CA-8482,Winn Parish-NONE-CA-8482-Construction Area - Robeline to Montgomery Transport (Winn),YES,complete,Complete,8.4,0.77,2.05,20.0,1.0,0.0,1.0,0.1,0.0,wave1_pinned_authority,Contrac Complete -> 0 remaining (display-only; pending formal close-out)
Wave 1 (Tom/Ben),Winn Parish,LA,CA-8486,Winn Parish-NONE-CA-8486-Construction Area - Winnfield South,YES,in_construction,In Construction,128.7,13.66,4.42,1143.0,130.0,28.6,96.0,10.9,2.4,wave1_pinned_authority,"Contrac In Construction, 97.5% complete -> prorated"
Wave 1 (Tom/Ben),Winn Parish,LA,CA-8500,Winn Parish-NONE-CA-8500-Construction Area - Sikes Service Area,YES,in_construction,In Construction,119.25,58.52,3.78,789.0,291.0,31.0,72.0,26.6,2.8,wave1_pinned_authority,"Contrac In Construction, 96.1% complete -> prorated"
Wave 1 (Tom/Ben),Winn Parish,LA,CA-8501,Winn Parish-NONE-CA-8501-Construction Area - Gansville Service Area,YES,in_construction,In Construction,64.05,5.46,3.86,737.0,189.0,64.1,145.0,37.2,12.6,wave1_pinned_authority,"Contrac In Construction, 91.3% complete -> prorated"
Wave 1 (Tom/Ben),Winn Parish,LA,CA-8502,Winn Parish-NONE-CA-8502-Construction Area - Calvin Winn North,YES,in_construction,In Construction,41.38,0.0,1.2,487.0,1.0,33.7,20.0,0.0,1.4,wave1_pinned_authority,"Contrac In Construction, 93.1% complete -> prorated"
Wave 1 (Tom/Ben),Winn Parish,LA,CA-8503,Winn Parish-NONE-CA-8503-Construction Area - Winn North Remaining,YES,in_construction,(no ROQ job),12.9,12.9,12.9,1139.0,1139.0,1139.0,245.0,245.0,245.0,"wave1_pinned_authority, operator_restored_williams_v825",No Contrac ROQ job (parent/off-grid row) -> plan unchanged
Wave 1 (Tom/Ben),Winn Parish,LA,CA-8504,Winn Parish-NONE-CA-8504-Construction Area - Winn South Remaining,YES,in_construction,(no ROQ job),25.65,25.65,25.65,1563.0,1563.0,1563.0,242.0,242.0,242.0,"wave1_pinned_authority, operator_restored_williams_v825",No Contrac ROQ job (parent/off-grid row) -> plan unchanged
Wave 1 (Tom/Ben),Winn Parish,LA,CA-8915,Winn Parish-NONE-CA-8915-Construction Area - Winn Transport,YES,in_construction,In Construction,85.7,32.03,4.54,1295.0,757.0,26.7,264.0,154.3,5.5,wave1_pinned_authority,"Contrac In Construction, 97.9% complete -> prorated"
Wave 1 (Tom/Ben),Winn Parish,LA,CA-8916,Winn Parish-NONE-CA-8916-Construction Area - Winn East,YES,in_construction,In Construction,27.72,6.47,0.0,313.0,152.0,-17.9,81.0,39.3,-4.6,wave1_pinned_authority,"Contrac In Construction, 105.7% complete -> prorated"
Wave 1 (Tom/Ben),Winn Parish,LA,CA-8932,Winn Parish-NONE-CA-8932-Construction Area - St Maurice - Winn,YES,complete,(no ROQ job),33.65,0.0,0.0,632.0,27.0,27.0,31.0,1.3,1.3,wave1_pinned_authority,No Contrac ROQ job (parent/off-grid row) -> plan unchanged
Wave 1 (Tom/Ben),Winn Parish,LA,CA-8949,Winn Parish-NONE-CA-8949-Construction Area - NW Winn,YES,in_construction,Loaded,7.53,0.0,0.0,51.0,0.0,0.0,0.0,0.0,0.0,wave1_pinned_authority,No Contrac ROQ job (parent/off-grid row) -> plan unchanged
Wave 1 (Tom/Ben),Winn Parish,LA,DA-6745,Winn Parish-NONE-DA-6745-APPROVEDDESIGNAREAS - Winnfield South,YES,not_started,(no ROQ job),0.0,0.0,0.0,6.0,6.0,6.0,1.0,1.0,1.0,"wave1_retimed_pass1, exhausted_parent_gis_review",No Contrac ROQ job (parent/off-grid row) -> plan unchanged
Wave 1 (Tom/Ben),Winn Parish,LA,DA-6774,Winn Parish-NONE-DA-6774-APPROVEDDESIGNAREAS - St. Maurice,YES,not_started,(no ROQ job),0.0,0.0,0.0,18.0,18.0,18.0,4.0,4.0,4.0,"wave1_pinned_authority, exhausted_parent_gis_review",No Contrac ROQ job (parent/off-grid row) -> plan unchanged
Wave 1 (Tom/Ben),Winn Parish,LA,DA-6839,Winn Parish-NONE-DA-6839-APPROVEDDESIGNAREAS - Winn North,YES,not_started,(no ROQ job),0.02,0.02,0.02,43.0,43.0,43.0,25.0,25.0,25.0,"wave1_retimed_pass1, exhausted_parent_gis_review",No Contrac ROQ job (parent/off-grid row) -> plan unchanged
Wave 1 (Tom/Ben),Winn Parish,LA,DA-8514,Winn Parish-NONE-DA-8514-APPROVEDDESIGNAREAS - Winn Northwest,YES,not_started,(no ROQ job),0.0,0.0,0.0,1.0,1.0,1.0,0.0,0.0,0.0,"wave1_retimed_pass1, exhausted_parent_gis_review",No Contrac ROQ job (parent/off-grid row) -> plan unchanged
Wave 2 (Richie),Adams County,MS,CDA-29096,Adams County-NONE-CDA-29096-Stat Area - 2026 - CDA-29096,YES,not_started,(no ROQ job),9.16,9.16,9.16,0.0,0.0,0.0,0.0,0.0,0.0,,No Contrac ROQ job (parent/off-grid row) -> plan unchanged
Wave 2 (Richie),Allen Parish,LA,CDA-28574,Allen Parish-NONE-CDA-28574-Stat Area - 2028 - CDA-28574,YES,not_started,(no ROQ job),0.78,0.78,0.78,44.0,44.0,44.0,0.0,0.0,0.0,,No Contrac ROQ job (parent/off-grid row) -> plan unchanged
Wave 2 (Richie),Allen Parish,LA,CDA-28576,Allen Parish-NONE-CDA-28576-Stat Area - 2028 - CDA-28576,YES,not_started,(no ROQ job),0.76,0.76,0.76,82.0,82.0,82.0,0.0,0.0,0.0,,No Contrac ROQ job (parent/off-grid row) -> plan unchanged
Wave 2 (Richie),Allen Parish,LA,CDA-28577,Allen Parish-NONE-CDA-28577-Stat Area - 2028 - CDA-28577,YES,not_started,(no ROQ job),0.08,0.08,0.08,48.0,48.0,48.0,0.0,0.0,0.0,exhausted_parent_gis_review,No Contrac ROQ job (parent/off-grid row) -> plan unchanged
Wave 2 (Richie),Allen Parish,LA,DA-7293,Allen Parish-NONE-DA-7293-APPROVEDDESIGNAREAS - McNary to Oakdale East - Allen,YES,not_started,(no ROQ job),0.0,0.0,0.0,12.0,12.0,12.0,2.0,2.0,2.0,exhausted_parent_gis_review,No Contrac ROQ job (parent/off-grid row) -> plan unchanged
Wave 2 (Richie),Avoyelles Parish,LA,CA-8935,Avoyelles Parish-NONE-CA-8935-Construction Area - Avoyelles Extended West,YES,in_construction,(no ROQ job),47.23,46.71,46.71,1497.0,1497.0,1497.0,868.0,868.0,868.0,fieldlocked_pinned_williams_in_construction,No Contrac ROQ job (parent/off-grid row) -> plan unchanged
Wave 2 (Richie),Avoyelles Parish,LA,CDA-28983,Avoyelles Parish-NONE-CDA-28983-Stat Area - 2027 - CDA-28983,YES,not_started,(no ROQ job),0.59,0.59,0.59,21.0,21.0,21.0,19.0,19.0,19.0,,No Contrac ROQ job (parent/off-grid row) -> plan unchanged
Wave 2 (Richie),Avoyelles Parish,LA,CDA-28993,Avoyelles Parish-NONE-CDA-28993-Stat Area - 2028 - CDA-28993,YES,not_started,(no ROQ job),0.3,0.3,0.3,0.0,0.0,0.0,0.0,0.0,0.0,,No Contrac ROQ job (parent/off-grid row) -> plan unchanged
Wave 2 (Richie),Avoyelles Parish,LA,CDA-28994,Avoyelles Parish-NONE-CDA-28994-Stat Area - 2027 - CDA-28994,YES,not_started,(no ROQ job),0.18,0.18,0.18,3.0,3.0,3.0,3.0,3.0,3.0,,No Contrac ROQ job (parent/off-grid row) -> plan unchanged
Wave 2 (Richie),Avoyelles Parish,LA,CDA-29085,Avoyelles Parish-NONE-CDA-29085-Stat Area - 2028 - CDA-29085,YES,not_started,(no ROQ job),0.0,0.0,0.0,3.0,3.0,3.0,0.0,0.0,0.0,exhausted_parent_gis_review,No Contrac ROQ job (parent/off-grid row) -> plan unchanged
Wave 2 (Richie),Avoyelles Parish,LA,CDA-29086,Avoyelles Parish-NONE-CDA-29086-Stat Area - 2028 - CDA-29086,YES,not_started,(no ROQ job),0.0,0.0,0.0,3.0,3.0,3.0,3.0,3.0,3.0,exhausted_parent_gis_review,No Contrac ROQ job (parent/off-grid row) -> plan unchanged
Wave 2 (Richie),Avoyelles Parish,LA,CDA-29087,Avoyelles Parish-NONE-CDA-29087-Stat Area - 2027 - CDA-29087,YES,not_started,(no ROQ job),0.0,0.0,0.0,1.0,1.0,1.0,1.0,1.0,1.0,exhausted_parent_gis_review,No Contrac ROQ job (parent/off-grid row) -> plan unchanged
Wave 2 (Richie),Avoyelles Parish,LA,DA-2152,Avoyelles Parish-NONE-DA-2152-APPROVEDDESIGNAREAS - Avoyelles - Gumbo Section 1 - Plaucheville,YES,not_started,(no ROQ job),0.0,0.0,0.0,1.0,0.0,0.0,1.0,0.0,0.0,exhausted_parent_gis_review,No Contrac ROQ job (parent/off-grid row) -> plan unchanged
Wave 2 (Richie),Avoyelles Parish,LA,DA-2450,Avoyelles Parish-NONE-DA-2450-APPROVEDDESIGNAREAS - Avoyelles - Gumbo Section 1 - Outer Mansura 2,YES,not_started,(no ROQ job),0.0,0.0,0.0,1.0,0.0,0.0,0.0,0.0,0.0,exhausted_parent_gis_review,No Contrac ROQ job (parent/off-grid row) -> plan unchanged
Wave 2 (Richie),Avoyelles Parish,LA,DA-6807,Avoyelles Parish-NONE-DA-6807-APPROVEDDESIGNAREAS - Avoyelles Extended West,YES,not_started,(no ROQ job),0.0,0.0,0.0,17.0,16.0,16.0,17.0,16.0,16.0,exhausted_parent_gis_review,No Contrac ROQ job (parent/off-grid row) -> plan unchanged
Wave 2 (Richie),Beauregard Parish,LA,CDA-28561,Beauregard Parish-NONE-CDA-28561-Stat Area - 2027 - CDA-28561,YES,not_started,(no ROQ job),0.73,0.73,0.73,313.0,313.0,313.0,279.0,279.0,279.0,,No Contrac ROQ job (parent/off-grid row) -> plan unchanged
Wave 2 (Richie),Beauregard Parish,LA,CDA-29062,Beauregard Parish-NONE-CDA-29062-Stat Area - 2027 - CDA-29062,YES,not_started,(no ROQ job),0.0,0.0,0.0,1.0,1.0,1.0,1.0,1.0,1.0,exhausted_parent_gis_review,No Contrac ROQ job (parent/off-grid row) -> plan unchanged
Wave 2 (Richie),Beauregard Parish,LA,CDA-29068,Beauregard Parish-NONE-CDA-29068-Stat Area - 2027 - CDA-29068,YES,not_started,(no ROQ job),0.0,0.0,0.0,1.0,1.0,1.0,1.0,1.0,1.0,exhausted_parent_gis_review,No Contrac ROQ job (parent/off-grid row) -> plan unchanged
Wave 2 (Richie),Beauregard Parish,LA,CDA-29070,Beauregard Parish-NONE-CDA-29070-Stat Area - 2027 - CDA-29070,YES,not_started,(no ROQ job),0.0,0.0,0.0,43.0,43.0,43.0,17.0,17.0,17.0,exhausted_parent_gis_review,No Contrac ROQ job (parent/off-grid row) -> plan unchanged
Wave 2 (Richie),Beauregard Parish,LA,CDA-29071,Beauregard Parish-NONE-CDA-29071-Stat Area - 2027 - CDA-29071,YES,not_started,(no ROQ job),0.0,0.0,0.0,6.0,6.0,6.0,6.0,6.0,6.0,exhausted_parent_gis_review,No Contrac ROQ job (parent/off-grid row) -> plan unchanged
Wave 2 (Richie),Beauregard Parish,LA,CDA-29072,Beauregard Parish-NONE-CDA-29072-Stat Area - 2027 - CDA-29072,YES,not_started,(no ROQ job),1.37,1.37,1.37,0.0,0.0,0.0,0.0,0.0,0.0,,No Contrac ROQ job (parent/off-grid row) -> plan unchanged
Wave 2 (Richie),Beauregard Parish,LA,CDA-29077,Beauregard Parish-NONE-CDA-29077-Stat Area - 2027 - CDA-29077,YES,not_started,(no ROQ job),0.0,0.0,0.0,3.0,3.0,3.0,3.0,3.0,3.0,exhausted_parent_gis_review,No Contrac ROQ job (parent/off-grid row) -> plan unchanged
Wave 2 (Richie),Beauregard Parish,LA,DA-6741,Beauregard Parish-NONE-DA-6741-APPROVEDDESIGNAREAS - Merryville Design Area - Beuregard,YES,not_started,(no ROQ job),0.0,0.0,0.0,14.0,12.0,12.0,0.0,0.0,0.0,exhausted_parent_gis_review,No Contrac ROQ job (parent/off-grid row) -> plan unchanged
Wave 2 (Richie),Beauregard Parish,LA,DA-6801,Beauregard Parish-NONE-DA-6801-APPROVEDDESIGNAREAS - Beuregard Extended Misc 1,YES,not_started,(no ROQ job),0.0,0.0,0.0,19.0,19.0,19.0,19.0,19.0,19.0,exhausted_parent_gis_review,No Contrac ROQ job (parent/off-grid row) -> plan unchanged
Wave 2 (Richie),Bossier Parish,LA,CDA-28591,Bossier Parish-NONE-CDA-28591-Stat Area - 2027 - CDA-28591,YES,not_started,(no ROQ job),156.72,156.72,156.72,5377.0,5377.0,5377.0,732.0,732.0,732.0,,No Contrac ROQ job (parent/off-grid row) -> plan unchanged
Wave 2 (Richie),Bossier Parish,LA,CDA-28592,Bossier Parish-NONE-CDA-28592-Stat Area - 2027 - CDA-28592,YES,not_started,(no ROQ job),173.93,173.93,173.93,11401.0,11401.0,11401.0,699.0,699.0,699.0,,No Contrac ROQ job (parent/off-grid row) -> plan unchanged
Wave 2 (Richie),Bossier Parish,LA,CDA-30542,Bossier Parish-NONE-CDA-30542-Stat Area - 2027 - CDA-30542,YES,not_started,(no ROQ job),102.16,102.16,102.16,4425.0,4425.0,4425.0,421.0,421.0,421.0,,No Contrac ROQ job (parent/off-grid row) -> plan unchanged
Wave 2 (Richie),Bossier Parish,LA,CDA-30543,Bossier Parish-NONE-CDA-30543-Stat Area - 2028 - CDA-30543,YES,not_started,(no ROQ job),1.9,1.9,1.9,64.0,64.0,64.0,3.0,3.0,3.0,,No Contrac ROQ job (parent/off-grid row) -> plan unchanged
Wave 2 (Richie),Bossier Parish,LA,CDA-32552,Bossier Parish-NONE-CDA-32552-Stat Area - 2027 - CDA-32552,YES,not_started,(no ROQ job),0.55,0.55,0.55,35.0,35.0,35.0,0.0,0.0,0.0,,No Contrac ROQ job (parent/off-grid row) -> plan unchanged
Wave 2 (Richie),Bossier Parish,LA,CDA-32553,Bossier Parish-NONE-CDA-32553-Stat Area - 2027 - CDA-32553,YES,not_started,(no ROQ job),3.14,3.14,3.14,62.0,62.0,62.0,0.0,0.0,0.0,,No Contrac ROQ job (parent/off-grid row) -> plan unchanged
Wave 2 (Richie),Calcasieu Parish,LA,CA-8432,Calcasieu Parish-NONE-CA-8432-Construction Area - Dequincy Transport,YES,in_construction,(no ROQ job),16.21,15.05,15.05,620.0,620.0,620.0,76.0,76.0,76.0,fieldlocked_pinned_williams_in_construction,No Contrac ROQ job (parent/off-grid row) -> plan unchanged
Wave 2 (Richie),Calcasieu Parish,LA,CDA-28563,Calcasieu Parish-NONE-CDA-28563-Stat Area - 2028 - CDA-28563,YES,not_started,(no ROQ job),184.09,184.09,184.09,6016.0,6016.0,6016.0,2255.0,2255.0,2255.0,"fieldlocked_pinned_williams_in_construction, parent_never_active",No Contrac ROQ job (parent/off-grid row) -> plan unchanged
Wave 2 (Richie),Calcasieu Parish,LA,CDA-28565,Calcasieu Parish-NONE-CDA-28565-Stat Area - 2028 - CDA-28565,YES,not_started,(no ROQ job),179.34,179.34,179.34,4006.0,4006.0,4006.0,1192.0,1192.0,1192.0,,No Contrac ROQ job (parent/off-grid row) -> plan unchanged
Wave 2 (Richie),Calcasieu Parish,LA,CDA-28568,Calcasieu Parish-NONE-CDA-28568-Stat Area - 2028 - CDA-28568,YES,not_started,(no ROQ job),149.47,149.47,149.47,12347.0,12347.0,12347.0,1256.0,1256.0,1256.0,,No Contrac ROQ job (parent/off-grid row) -> plan unchanged
Wave 2 (Richie),Calcasieu Parish,LA,CDA-32540,Calcasieu Parish-NONE-CDA-32540-Stat Area - 2028 - CDA-32540,YES,not_started,(no ROQ job),62.34,62.34,62.34,3425.0,3425.0,3425.0,668.0,668.0,668.0,,No Contrac ROQ job (parent/off-grid row) -> plan unchanged
Wave 2 (Richie),Catahoula Parish,LA,CDA-29098,Catahoula Parish-NONE-CDA-29098-Stat Area - 2028 - CDA-29098,YES,not_started,(no ROQ job),0.0,0.0,0.0,1.0,1.0,1.0,1.0,1.0,1.0,exhausted_parent_gis_review,No Contrac ROQ job (parent/off-grid row) -> plan unchanged
Wave 2 (Richie),Catahoula Parish,LA,CDA-29099,Catahoula Parish-NONE-CDA-29099-Stat Area - 2030 - CDA-29099,YES,not_started,(no ROQ job),0.0,0.0,0.0,2.0,2.0,2.0,2.0,2.0,2.0,exhausted_parent_gis_review,No Contrac ROQ job (parent/off-grid row) -> plan unchanged
Wave 2 (Richie),De Soto Parish,LA,CDA-29007,De Soto Parish-NONE-CDA-29007-Stat Area - 2030 - CDA-29007,YES,not_started,(no ROQ job),0.0,0.0,0.0,1.0,1.0,1.0,1.0,1.0,1.0,"legal_hold_desoto_ef, legal_hold_orig_start:2028-11-01, exhausted_parent_gis_review",No Contrac ROQ job (parent/off-grid row) -> plan unchanged
Wave 2 (Richie),De Soto Parish,LA,CDA-29009,De Soto Parish-NONE-CDA-29009-Stat Area - 2028 - CDA-29009,YES,not_started,(no ROQ job),0.0,0.0,0.0,1.0,1.0,1.0,1.0,1.0,1.0,"legal_hold_desoto_ef, legal_hold_orig_start:2028-11-01, exhausted_parent_gis_review",No Contrac ROQ job (parent/off-grid row) -> plan unchanged
Wave 2 (Richie),De Soto Parish,LA,CDA-29010,De Soto Parish-NONE-CDA-29010-Stat Area - 2028 - CDA-29010,YES,not_started,(no ROQ job),0.0,0.0,0.0,1.0,1.0,1.0,1.0,1.0,1.0,"legal_hold_desoto_ef, legal_hold_orig_start:2028-11-01, exhausted_parent_gis_review",No Contrac ROQ job (parent/off-grid row) -> plan unchanged
Wave 2 (Richie),De Soto Parish,LA,CDA-29013,De Soto Parish-NONE-CDA-29013-Stat Area - 2028 - CDA-29013,YES,not_started,(no ROQ job),0.0,0.0,0.0,3.0,3.0,3.0,1.0,1.0,1.0,"legal_hold_desoto_ef, legal_hold_orig_start:2028-11-01, exhausted_parent_gis_review",No Contrac ROQ job (parent/off-grid row) -> plan unchanged
Wave 2 (Richie),De Soto Parish,LA,CDA-29015,De Soto Parish-NONE-CDA-29015-Stat Area - 2028 - CDA-29015,YES,not_started,(no ROQ job),0.0,0.0,0.0,3.0,3.0,3.0,2.0,2.0,2.0,"legal_hold_desoto_ef, legal_hold_orig_start:2028-11-01, exhausted_parent_gis_review",No Contrac ROQ job (parent/off-grid row) -> plan unchanged
Wave 2 (Richie),De Soto Parish,LA,CDA-29019,De Soto Parish-NONE-CDA-29019-Stat Area - 2028 - CDA-29019,YES,not_started,(no ROQ job),0.0,0.0,0.0,1.0,1.0,1.0,1.0,1.0,1.0,"legal_hold_desoto_ef, legal_hold_orig_start:2028-11-01, exhausted_parent_gis_review",No Contrac ROQ job (parent/off-grid row) -> plan unchanged
Wave 2 (Richie),De Soto Parish,LA,CDA-29021,De Soto Parish-NONE-CDA-29021-Stat Area - 2028 - CDA-29021,YES,not_started,(no ROQ job),0.0,0.0,0.0,1.0,1.0,1.0,1.0,1.0,1.0,"legal_hold_desoto_ef, legal_hold_orig_start:2028-11-01, exhausted_parent_gis_review",No Contrac ROQ job (parent/off-grid row) -> plan unchanged
Wave 2 (Richie),De Soto Parish,LA,CDA-29025,De Soto Parish-NONE-CDA-29025-Stat Area - 2028 - CDA-29025,YES,not_started,(no ROQ job),0.0,0.0,0.0,1.0,1.0,1.0,0.0,0.0,0.0,"legal_hold_desoto_ef, legal_hold_orig_start:2028-11-01, exhausted_parent_gis_review",No Contrac ROQ job (parent/off-grid row) -> plan unchanged
Wave 2 (Richie),De Soto Parish,LA,DA-6819,De Soto Parish-NONE-DA-6819-APPROVEDDESIGNAREAS - De Soto Extended 1,YES,not_started,(no ROQ job),0.0,0.0,0.0,1.0,1.0,1.0,1.0,1.0,1.0,"legal_hold_desoto_ef, legal_hold_orig_start:2028-11-01, exhausted_parent_gis_review",No Contrac ROQ job (parent/off-grid row) -> plan unchanged
Wave 2 (Richie),De Soto Parish,LA,DA-6820,De Soto Parish-NONE-DA-6820-APPROVEDDESIGNAREAS - De Soto Extended 2,YES,not_started,(no ROQ job),0.0,0.0,0.0,6.0,6.0,6.0,4.0,4.0,4.0,"legal_hold_desoto_ef, legal_hold_orig_start:2028-11-01, exhausted_parent_gis_review",No Contrac ROQ job (parent/off-grid row) -> plan unchanged
Wave 2 (Richie),De Soto Parish,LA,DA-6823,De Soto Parish-NONE-DA-6823-APPROVEDDESIGNAREAS - Gloster,YES,not_started,(no ROQ job),0.0,0.0,0.0,75.0,75.0,75.0,26.0,26.0,26.0,"legal_hold_desoto_ef, legal_hold_orig_start:2028-11-01, exhausted_parent_gis_review",No Contrac ROQ job (parent/off-grid row) -> plan unchanged
Wave 2 (Richie),East Feliciana Parish,LA,CA-8478,East Feliciana Parish-NONE-CA-8478-Construction Area - Wilson BEAD,YES,in_construction,(no ROQ job),60.65,60.65,60.65,1748.0,1748.0,1748.0,954.0,954.0,954.0,"fieldlocked_pinned_williams_in_construction, legal_hold_desoto_ef, legal_hold_orig_start:2029-08-01, legal_hold_restart_2028_01",No Contrac ROQ job (parent/off-grid row) -> plan unchanged
Wave 2 (Richie),Grant Parish,LA,CDA-29358,Grant Parish-NONE-CDA-29358-Stat Area - 2030 - CDA-29358,YES,not_started,(no ROQ job),0.0,0.0,0.0,12.0,12.0,12.0,2.0,2.0,2.0,exhausted_parent_gis_review,No Contrac ROQ job (parent/off-grid row) -> plan unchanged
Wave 2 (Richie),Grant Parish,LA,CDA-29359,Grant Parish-NONE-CDA-29359-Stat Area - 2030 - CDA-29359,YES,not_started,(no ROQ job),0.0,0.0,0.0,19.0,19.0,19.0,3.0,3.0,3.0,exhausted_parent_gis_review,No Contrac ROQ job (parent/off-grid row) -> plan unchanged
Wave 2 (Richie),Jackson Parish,LA,CA-8933,Jackson Parish-NONE-CA-8933-Construction Area - Jonesboro,YES,in_construction,(no ROQ job),98.3,98.3,98.3,4344.0,4344.0,4344.0,426.0,426.0,426.0,fieldlocked_pinned_williams_in_construction,No Contrac ROQ job (parent/off-grid row) -> plan unchanged
Wave 2 (Richie),LaSalle Parish,LA,CDA-29110,LaSalle Parish-NONE-CDA-29110-Stat Area - 2028 - CDA-29110,YES,not_started,(no ROQ job),0.0,0.0,0.0,17.0,17.0,17.0,9.0,9.0,9.0,exhausted_parent_gis_review,No Contrac ROQ job (parent/off-grid row) -> plan unchanged
Wave 2 (Richie),LaSalle Parish,LA,CDA-29113,LaSalle Parish-NONE-CDA-29113-Stat Area - 2028 - CDA-29113,YES,not_started,(no ROQ job),0.0,0.0,0.0,4.0,4.0,4.0,3.0,3.0,3.0,exhausted_parent_gis_review,No Contrac ROQ job (parent/off-grid row) -> plan unchanged
Wave 2 (Richie),Lamar County,MS,CDA-28986,Lamar County-NONE-CDA-28986-Stat Area - 2029 - CDA-28986,YES,not_started,(no ROQ job),0.49,0.49,0.49,603.0,603.0,603.0,0.0,0.0,0.0,"fieldlocked_pinned_williams_in_construction, parent_polygon_volume_review, parent_never_active",No Contrac ROQ job (parent/off-grid row) -> plan unchanged
Wave 2 (Richie),Lawrence County,MS,CDA-32554,Lawrence County-NONE-CDA-32554-Stat Area - 2028 - CDA-32554,YES,not_started,(no ROQ job),22.57,22.57,22.57,352.0,352.0,352.0,195.0,195.0,195.0,,No Contrac ROQ job (parent/off-grid row) -> plan unchanged
Wave 2 (Richie),Lawrence County,MS,CDA-32555,Lawrence County-NONE-CDA-32555-Stat Area - 2028 - CDA-32555,YES,not_started,(no ROQ job),23.96,23.96,23.96,503.0,503.0,503.0,380.0,380.0,380.0,,No Contrac ROQ job (parent/off-grid row) -> plan unchanged
Wave 2 (Richie),Marion County,MS,CA-8936,Marion County-NONE-CA-8936-Construction Area - Columbia,YES,in_construction,(no ROQ job),94.98,94.98,94.98,5041.0,5041.0,5041.0,277.0,277.0,277.0,fieldlocked_pinned_williams_in_construction,No Contrac ROQ job (parent/off-grid row) -> plan unchanged
Wave 2 (Richie),Marion County,MS,CA-8945,Marion County-NONE-CA-8945-Construction Area - John Test,YES,not_started,(no ROQ job),2.9,2.9,2.9,29.0,29.0,29.0,22.0,22.0,22.0,no_hi_identity,No Contrac ROQ job (parent/off-grid row) -> plan unchanged
Wave 2 (Richie),Marion County,MS,CDA-30547,Marion County-NONE-CDA-30547-Stat Area - 2029 - CDA-30547,YES,not_started,(no ROQ job),0.64,0.64,0.64,269.0,269.0,269.0,5.0,5.0,5.0,parent_polygon_volume_review,No Contrac ROQ job (parent/off-grid row) -> plan unchanged
Wave 2 (Richie),Marion County,MS,DA-6734,"Marion County-NONE-DA-6734-APPROVEDDESIGNAREAS - Columbia, MS",YES,not_started,(no ROQ job),0.0,0.0,0.0,2.0,2.0,2.0,1.0,1.0,1.0,exhausted_parent_gis_review,No Contrac ROQ job (parent/off-grid row) -> plan unchanged
Wave 2 (Richie),Natchitoches Parish,LA,CA-8921,Natchitoches Parish-NONE-CA-8921-Construction Area - Natchitoches to Red River,YES,in_construction,(no ROQ job),3.15,3.15,3.15,198.0,198.0,198.0,0.0,0.0,0.0,fieldlocked_pinned_williams_in_construction,No Contrac ROQ job (parent/off-grid row) -> plan unchanged
Wave 2 (Richie),Natchitoches Parish,LA,CDA-28985,Natchitoches Parish-NONE-CDA-28985-Stat Area - 2028 - CDA-28985,YES,not_started,(no ROQ job),48.27,48.27,48.27,4951.0,4951.0,4951.0,204.0,204.0,204.0,"fieldlocked_pinned_williams_in_construction, parent_never_active",No Contrac ROQ job (parent/off-grid row) -> plan unchanged
Wave 2 (Richie),Natchitoches Parish,LA,CDA-29349,Natchitoches Parish-NONE-CDA-29349-Stat Area - 2030 - CDA-29349,YES,not_started,(no ROQ job),0.0,0.0,0.0,1.0,1.0,1.0,0.0,0.0,0.0,exhausted_parent_gis_review,No Contrac ROQ job (parent/off-grid row) -> plan unchanged
Wave 2 (Richie),Natchitoches Parish,LA,CDA-29352,Natchitoches Parish-NONE-CDA-29352-Stat Area - 2030 - CDA-29352,YES,not_started,(no ROQ job),0.0,0.0,0.0,1.0,1.0,1.0,1.0,1.0,1.0,exhausted_parent_gis_review,No Contrac ROQ job (parent/off-grid row) -> plan unchanged
Wave 2 (Richie),Natchitoches Parish,LA,CDA-30958,Natchitoches Parish-NONE-CDA-30958-Stat Area - 2030 - CDA-30958,YES,not_started,(no ROQ job),0.5,0.5,0.5,17.0,17.0,17.0,13.0,13.0,13.0,,No Contrac ROQ job (parent/off-grid row) -> plan unchanged
Wave 2 (Richie),Natchitoches Parish,LA,DA-6874,Natchitoches Parish-NONE-DA-6874-APPROVEDDESIGNAREAS - Natchitoches City,YES,not_started,(no ROQ job),0.0,0.0,0.0,7.0,7.0,7.0,1.0,1.0,1.0,exhausted_parent_gis_review,No Contrac ROQ job (parent/off-grid row) -> plan unchanged
Wave 2 (Richie),Phillips County,AR,DA-10939,Phillips County-NONE-DA-10939-APPROVEDDESIGNAREAS - None,YES,not_started,(no ROQ job),31.5,31.5,31.5,275.0,275.0,275.0,0.0,0.0,0.0,,No Contrac ROQ job (parent/off-grid row) -> plan unchanged
Wave 2 (Richie),Pointe Coupee Parish,LA,CDA-28980,Pointe Coupee Parish-NONE-CDA-28980-Stat Area - 2028 - CDA-28980,YES,not_started,(no ROQ job),8.88,8.88,8.88,0.0,0.0,0.0,0.0,0.0,0.0,,No Contrac ROQ job (parent/off-grid row) -> plan unchanged
Wave 2 (Richie),Rapides Parish,LA,DA-6803,Rapides Parish-NONE-DA-6803-APPROVEDDESIGNAREAS - Alexandria Soutwest,YES,not_started,(no ROQ job),0.0,0.0,0.0,32.0,32.0,32.0,23.0,23.0,23.0,exhausted_parent_gis_review,No Contrac ROQ job (parent/off-grid row) -> plan unchanged
Wave 2 (Richie),Rapides Parish,LA,DA-6805,Rapides Parish-NONE-DA-6805-APPROVEDDESIGNAREAS - Alexandria East,YES,not_started,(no ROQ job),0.0,0.0,0.0,164.0,164.0,164.0,71.0,71.0,71.0,exhausted_parent_gis_review,No Contrac ROQ job (parent/off-grid row) -> plan unchanged
Wave 2 (Richie),Sabine Parish,LA,CDA-29356,Sabine Parish-NONE-CDA-29356-Stat Area - 2030 - CDA-29356,YES,not_started,(no ROQ job),0.0,0.0,0.0,1.0,1.0,1.0,1.0,1.0,1.0,exhausted_parent_gis_review,No Contrac ROQ job (parent/off-grid row) -> plan unchanged
Wave 2 (Richie),Sabine Parish,LA,CDA-29357,Sabine Parish-NONE-CDA-29357-Stat Area - 2030 - CDA-29357,YES,not_started,(no ROQ job),0.0,0.0,0.0,1.0,1.0,1.0,1.0,1.0,1.0,exhausted_parent_gis_review,No Contrac ROQ job (parent/off-grid row) -> plan unchanged
Wave 2 (Richie),St. Landry Parish,LA,CDA-28972,St. Landry Parish-NONE-CDA-28972-Stat Area - 2028 - CDA-28972,YES,not_started,(no ROQ job),139.52,139.52,139.52,4611.0,4611.0,4611.0,112.0,112.0,112.0,,No Contrac ROQ job (parent/off-grid row) -> plan unchanged
Wave 2 (Richie),St. Martin Parish,LA,CDA-27388,St. Martin Parish-NONE-CDA-27388-Stat Area - 2027 - CDA-27388,YES,not_started,(no ROQ job),88.05,88.05,88.05,4095.0,4095.0,4095.0,275.0,275.0,275.0,,No Contrac ROQ job (parent/off-grid row) -> plan unchanged
Wave 2 (Richie),St. Martin Parish,LA,CDA-27389,St. Martin Parish-NONE-CDA-27389-Stat Area - 2027 - CDA-27389,YES,not_started,(no ROQ job),47.15,47.15,47.15,1734.0,1734.0,1734.0,131.0,131.0,131.0,,No Contrac ROQ job (parent/off-grid row) -> plan unchanged
Wave 2 (Richie),St. Martin Parish,LA,CDA-27390,St. Martin Parish-NONE-CDA-27390-Stat Area - 2027 - CDA-27390,YES,not_started,(no ROQ job),62.2,62.2,62.2,3492.0,3492.0,3492.0,135.0,135.0,135.0,,No Contrac ROQ job (parent/off-grid row) -> plan unchanged
Wave 2 (Richie),St. Martin Parish,LA,CDA-27391,St. Martin Parish-NONE-CDA-27391-Stat Area - 2027 - CDA-27391,YES,not_started,(no ROQ job),51.77,51.77,51.77,2059.0,2059.0,2059.0,133.0,133.0,133.0,,No Contrac ROQ job (parent/off-grid row) -> plan unchanged
Wave 2 (Richie),St. Mary Parish,LA,CDA-28969,St. Mary Parish-NONE-CDA-28969-Stat Area - 2028 - CDA-28969,YES,not_started,(no ROQ job),163.3,163.3,163.3,9912.0,9912.0,9912.0,325.0,325.0,325.0,"fieldlocked_pinned_williams_in_construction, parent_never_active",No Contrac ROQ job (parent/off-grid row) -> plan unchanged
Wave 2 (Richie),St. Mary Parish,LA,DA-10514,St. Mary Parish-NONE-DA-10514-APPROVEDDESIGNAREAS - St Mary North,YES,not_started,(no ROQ job),0.0,0.0,0.0,8.0,8.0,8.0,0.0,0.0,0.0,exhausted_parent_gis_review,No Contrac ROQ job (parent/off-grid row) -> plan unchanged
Wave 2 (Richie),St. Tammany Parish,LA,CDA-28960,St. Tammany Parish-NONE-CDA-28960-Stat Area - 2029 - CDA-28960,YES,not_started,(no ROQ job),113.7,113.7,113.7,2336.0,2336.0,2336.0,362.0,362.0,362.0,,No Contrac ROQ job (parent/off-grid row) -> plan unchanged
Wave 2 (Richie),St. Tammany Parish,LA,CDA-33340,St. Tammany Parish-NONE-CDA-33340-Stat Area - 2029 - CDA-33340,YES,not_started,(no ROQ job),13.13,13.13,13.13,350.0,350.0,350.0,3.0,3.0,3.0,,No Contrac ROQ job (parent/off-grid row) -> plan unchanged
Wave 2 (Richie),St. Tammany Parish,LA,CDA-33342,St. Tammany Parish-NONE-CDA-33342-Stat Area - 2029 - CDA-33342,YES,not_started,(no ROQ job),6.78,6.78,6.78,269.0,269.0,269.0,43.0,43.0,43.0,,No Contrac ROQ job (parent/off-grid row) -> plan unchanged
Wave 2 (Richie),Vermilion Parish,LA,CDA-26956,Vermilion Parish-NONE-CDA-26956-Stat Area - 2027 - CDA-26956,YES,not_started,(no ROQ job),15.69,15.69,15.69,179.0,179.0,179.0,85.0,85.0,85.0,,No Contrac ROQ job (parent/off-grid row) -> plan unchanged
Wave 2 (Richie),Vernon Parish,LA,CDA-28546,Vernon Parish-NONE-CDA-28546-Stat Area - 2027 - CDA-28546,YES,not_started,(no ROQ job),0.0,0.0,0.0,13.0,13.0,13.0,0.0,0.0,0.0,"no_hi_identity, exhausted_parent_gis_review",No Contrac ROQ job (parent/off-grid row) -> plan unchanged
Wave 2 (Richie),Vernon Parish,LA,CDA-28548,Vernon Parish-NONE-CDA-28548-Stat Area - 2028 - CDA-28548,YES,not_started,(no ROQ job),3.93,3.06,3.06,916.0,836.0,836.0,147.0,134.2,134.2,"fieldlocked_pinned_williams_in_construction, parent_never_active",No Contrac ROQ job (parent/off-grid row) -> plan unchanged
Wave 2 (Richie),Vernon Parish,LA,CDA-28549,Vernon Parish-NONE-CDA-28549-Stat Area - 2028 - CDA-28549,YES,not_started,(no ROQ job),1.51,1.51,1.51,45.0,45.0,45.0,26.0,26.0,26.0,,No Contrac ROQ job (parent/off-grid row) -> plan unchanged
Wave 2 (Richie),Vernon Parish,LA,CDA-28551,Vernon Parish-NONE-CDA-28551-Stat Area - 2028 - CDA-28551,YES,not_started,(no ROQ job),2.87,2.87,2.87,201.0,201.0,201.0,51.0,51.0,51.0,,No Contrac ROQ job (parent/off-grid row) -> plan unchanged
Wave 2 (Richie),Vernon Parish,LA,CDA-28552,Vernon Parish-NONE-CDA-28552-Stat Area - 2028 - CDA-28552,YES,not_started,(no ROQ job),0.0,0.0,0.0,9.0,9.0,9.0,0.0,0.0,0.0,exhausted_parent_gis_review,No Contrac ROQ job (parent/off-grid row) -> plan unchanged
Wave 2 (Richie),Vernon Parish,LA,CDA-28557,Vernon Parish-NONE-CDA-28557-Stat Area - 2028 - CDA-28557,YES,not_started,(no ROQ job),8.67,8.67,8.67,1118.0,1118.0,1118.0,41.0,41.0,41.0,,No Contrac ROQ job (parent/off-grid row) -> plan unchanged
Wave 2 (Richie),Vernon Parish,LA,CDA-28558,Vernon Parish-NONE-CDA-28558-Stat Area - 2028 - CDA-28558,YES,not_started,(no ROQ job),20.6,20.6,20.6,764.0,764.0,764.0,129.0,129.0,129.0,,No Contrac ROQ job (parent/off-grid row) -> plan unchanged
Wave 2 (Richie),Vernon Parish,LA,CDA-29045,Vernon Parish-NONE-CDA-29045-Stat Area - 2028 - CDA-29045,YES,not_started,(no ROQ job),0.43,0.43,0.43,14.0,14.0,14.0,12.0,12.0,12.0,,No Contrac ROQ job (parent/off-grid row) -> plan unchanged
Wave 2 (Richie),Vernon Parish,LA,CDA-29051,Vernon Parish-NONE-CDA-29051-Stat Area - 2028 - CDA-29051,YES,not_started,(no ROQ job),2.91,2.91,2.91,45.0,45.0,45.0,42.0,42.0,42.0,,No Contrac ROQ job (parent/off-grid row) -> plan unchanged
Wave 2 (Richie),Vernon Parish,LA,CDA-30540,Vernon Parish-NONE-CDA-30540-Stat Area - 2028 - CDA-30540,YES,not_started,(no ROQ job),2.14,2.14,2.14,144.0,144.0,144.0,10.0,10.0,10.0,,No Contrac ROQ job (parent/off-grid row) -> plan unchanged
Wave 2 (Richie),Vernon Parish,LA,DA-3388,Vernon Parish-NONE-DA-3388-APPROVEDDESIGNAREAS - Vernon RDOF Section 5,YES,not_started,(no ROQ job),0.0,0.0,0.0,1.0,1.0,1.0,1.0,1.0,1.0,exhausted_parent_gis_review,No Contrac ROQ job (parent/off-grid row) -> plan unchanged
Wave 2 (Richie),Vernon Parish,LA,DA-3410,Vernon Parish-NONE-DA-3410-APPROVEDDESIGNAREAS - Vernon RDOF Section 8,YES,not_started,(no ROQ job),0.38,0.38,0.38,25.0,23.0,23.0,18.0,16.6,16.6,,No Contrac ROQ job (parent/off-grid row) -> plan unchanged
Wave 2 (Richie),Vernon Parish,LA,DA-6799,Vernon Parish-NONE-DA-6799-APPROVEDDESIGNAREAS - Vernon Extended Misc 1,YES,not_started,(no ROQ job),0.0,0.0,0.0,6.0,6.0,6.0,4.0,4.0,4.0,exhausted_parent_gis_review,No Contrac ROQ job (parent/off-grid row) -> plan unchanged
Wave 2 (Richie),Washington Parish,LA,CDA-28957,Washington Parish-NONE-CDA-28957-Stat Area - 2028 - CDA-28957,YES,not_started,(no ROQ job),172.81,172.81,172.81,2223.0,2223.0,2223.0,632.0,632.0,632.0,,No Contrac ROQ job (parent/off-grid row) -> plan unchanged
Wave 2 (Richie),Washington Parish,LA,CDA-28958,Washington Parish-NONE-CDA-28958-Stat Area - 2028 - CDA-28958,YES,not_started,(no ROQ job),61.76,61.76,61.76,2046.0,2046.0,2046.0,793.0,793.0,793.0,"fieldlocked_pinned_williams_in_construction, parent_never_active",No Contrac ROQ job (parent/off-grid row) -> plan unchanged
Wave 2 (Richie),Washington Parish,LA,CDA-28959,Washington Parish-NONE-CDA-28959-Stat Area - 2029 - CDA-28959,YES,not_started,(no ROQ job),7.62,7.62,7.62,189.0,189.0,189.0,29.0,29.0,29.0,,No Contrac ROQ job (parent/off-grid row) -> plan unchanged
Wave 2 (Richie),Washington Parish,LA,DA-6862,Washington Parish-NONE-DA-6862-APPROVEDDESIGNAREAS - SE Washington Parish,YES,not_started,(no ROQ job),0.0,0.0,0.0,51.0,51.0,51.0,45.0,45.0,45.0,exhausted_parent_gis_review,No Contrac ROQ job (parent/off-grid row) -> plan unchanged
Wave 2 (Richie),West Feliciana Parish,LA,CDA-28981,West Feliciana Parish-NONE-CDA-28981-Stat Area - 2028 - CDA-28981,YES,not_started,(no ROQ job),1.38,1.38,1.38,0.0,0.0,0.0,0.0,0.0,0.0,,No Contrac ROQ job (parent/off-grid row) -> plan unchanged
Wave 2 (Richie),West Feliciana Parish,LA,DA-7280,West Feliciana Parish-NONE-DA-7280-APPROVEDDESIGNAREAS - West Feliciana Gumbo Priority,YES,not_started,(no ROQ job),0.0,0.0,0.0,9.0,8.0,8.0,2.0,1.8,1.8,exhausted_parent_gis_review,No Contrac ROQ job (parent/off-grid row) -> plan unchanged
Wave 2 (Richie),West Feliciana Parish,LA,DA-7281,West Feliciana Parish-NONE-DA-7281-APPROVEDDESIGNAREAS - West Feliciana Remaining,YES,not_started,(no ROQ job),0.0,0.0,0.0,2.0,2.0,2.0,0.0,0.0,0.0,exhausted_parent_gis_review,No Contrac ROQ job (parent/off-grid row) -> plan unchanged
Wave 2 (Richie),Wilkinson County,MS,CDA-32573,Wilkinson County-NONE-CDA-32573-Stat Area - 2028 - CDA-32573,YES,not_started,(no ROQ job),0.09,0.09,0.09,0.0,0.0,0.0,0.0,0.0,0.0,exhausted_parent_success,No Contrac ROQ job (parent/off-grid row) -> plan unchanged
Wave 2 (Richie),Wilkinson County,MS,CDA-32574,Wilkinson County-NONE-CDA-32574-Stat Area - 2028 - CDA-32574,YES,not_started,(no ROQ job),1.0,1.0,1.0,0.0,0.0,0.0,0.0,0.0,0.0,,No Contrac ROQ job (parent/off-grid row) -> plan unchanged
Wave 2 (Richie),Wilkinson County,MS,CDA-32575,Wilkinson County-NONE-CDA-32575-Stat Area - 2028 - CDA-32575,YES,not_started,(no ROQ job),0.0,0.0,0.0,1.0,0.0,0.0,0.0,0.0,0.0,exhausted_parent_gis_review,No Contrac ROQ job (parent/off-grid row) -> plan unchanged
Wave 2 (Richie),Wilkinson County,MS,CDA-32576,Wilkinson County-NONE-CDA-32576-Stat Area - 2028 - CDA-32576,YES,not_started,(no ROQ job),0.09,0.09,0.09,0.0,0.0,0.0,0.0,0.0,0.0,exhausted_parent_success,No Contrac ROQ job (parent/off-grid row) -> plan unchanged
Wave 2 (Richie),Wilkinson County,MS,CDA-32577,Wilkinson County-NONE-CDA-32577-Stat Area - 2028 - CDA-32577,YES,not_started,(no ROQ job),2.63,2.63,2.63,6.0,0.0,0.0,0.0,0.0,0.0,,No Contrac ROQ job (parent/off-grid row) -> plan unchanged
Wave 2 (Richie),Wilkinson County,MS,CDA-32578,Wilkinson County-NONE-CDA-32578-Stat Area - 2028 - CDA-32578,YES,not_started,(no ROQ job),0.53,0.53,0.53,0.0,0.0,0.0,0.0,0.0,0.0,,No Contrac ROQ job (parent/off-grid row) -> plan unchanged
Wave 2 (Richie),Winn Parish,LA,CDA-29345,Winn Parish-NONE-CDA-29345-Stat Area - 2028 - CDA-29345,YES,not_started,(no ROQ job),1.82,1.82,1.82,12.0,12.0,12.0,11.0,11.0,11.0,,No Contrac ROQ job (parent/off-grid row) -> plan unchanged
Wave 2 (Richie),Winn Parish,LA,CDA-29363,Winn Parish-NONE-CDA-29363-Stat Area - 2030 - CDA-29363,YES,not_started,(no ROQ job),0.0,0.0,0.0,1.0,1.0,1.0,1.0,1.0,1.0,exhausted_parent_gis_review,No Contrac ROQ job (parent/off-grid row) -> plan unchanged
Wave 2 (Richie),Winn Parish,LA,CDA-29364,Winn Parish-NONE-CDA-29364-Stat Area - 2030 - CDA-29364,YES,not_started,(no ROQ job),0.0,0.0,0.0,1.0,1.0,1.0,1.0,1.0,1.0,exhausted_parent_gis_review,No Contrac ROQ job (parent/off-grid row) -> plan unchanged
Wave 3 (Williams remain),Acadia Parish,LA,CDA-25743,Acadia Parish-NONE-CDA-25743-Stat Area - 2026 - CDA-25743,YES,not_started,(no ROQ job),33.44,33.44,33.44,6916.0,6916.0,6916.0,59.0,59.0,59.0,"fieldlocked_pinned_williams_in_construction, parent_never_active",No Contrac ROQ job (parent/off-grid row) -> plan unchanged
Wave 3 (Williams remain),Acadia Parish,LA,CDA-25745,Acadia Parish-NONE-CDA-25745-Stat Area - 2026 - CDA-25745,YES,not_started,(no ROQ job),174.3,174.3,174.3,5321.0,5321.0,5321.0,430.0,430.0,430.0,"fieldlocked_pinned_williams_in_construction, parent_never_active",No Contrac ROQ job (parent/off-grid row) -> plan unchanged
Wave 3 (Williams remain),Acadia Parish,LA,CDA-25747,Acadia Parish-NONE-CDA-25747-Stat Area - 2026 - CDA-25747,YES,not_started,(no ROQ job),137.1,137.1,137.1,2909.0,2909.0,2909.0,260.0,260.0,260.0,"fieldlocked_pinned_williams_in_construction, parent_never_active",No Contrac ROQ job (parent/off-grid row) -> plan unchanged
Wave 3 (Williams remain),Allen Parish,LA,CDA-28559,Allen Parish-NONE-CDA-28559-Stat Area - 2028 - CDA-28559,YES,not_started,(no ROQ job),0.0,0.0,0.0,8.0,7.0,7.0,0.0,0.0,0.0,exhausted_parent_gis_review,No Contrac ROQ job (parent/off-grid row) -> plan unchanged
Wave 3 (Williams remain),Allen Parish,LA,CDA-28569,Allen Parish-NONE-CDA-28569-Stat Area - 2028 - CDA-28569,YES,not_started,(no ROQ job),2.8,2.8,2.8,6.0,6.0,6.0,4.0,4.0,4.0,,No Contrac ROQ job (parent/off-grid row) -> plan unchanged
Wave 3 (Williams remain),Allen Parish,LA,CDA-28570,Allen Parish-NONE-CDA-28570-Stat Area - 2028 - CDA-28570,YES,not_started,(no ROQ job),8.69,8.69,8.69,403.0,401.0,401.0,0.0,0.0,0.0,,No Contrac ROQ job (parent/off-grid row) -> plan unchanged
Wave 3 (Williams remain),Allen Parish,LA,CDA-28571,Allen Parish-NONE-CDA-28571-Stat Area - 2028 - CDA-28571,YES,not_started,(no ROQ job),6.23,6.23,6.23,542.0,542.0,542.0,0.0,0.0,0.0,"fieldlocked_pinned_williams_in_construction, parent_never_active",No Contrac ROQ job (parent/off-grid row) -> plan unchanged
Wave 3 (Williams remain),Allen Parish,LA,CDA-28572,Allen Parish-NONE-CDA-28572-Stat Area - 2028 - CDA-28572,YES,not_started,(no ROQ job),6.61,6.61,6.61,705.0,704.0,704.0,0.0,0.0,0.0,,No Contrac ROQ job (parent/off-grid row) -> plan unchanged
Wave 3 (Williams remain),Allen Parish,LA,CDA-28573,Allen Parish-NONE-CDA-28573-Stat Area - 2028 - CDA-28573,YES,not_started,(no ROQ job),3.1,3.1,3.1,240.0,240.0,240.0,0.0,0.0,0.0,,No Contrac ROQ job (parent/off-grid row) -> plan unchanged
Wave 3 (Williams remain),Allen Parish,LA,CDA-28575,Allen Parish-NONE-CDA-28575-Stat Area - 2028 - CDA-28575,YES,not_started,(no ROQ job),1.07,1.07,1.07,60.0,60.0,60.0,0.0,0.0,0.0,,No Contrac ROQ job (parent/off-grid row) -> plan unchanged
Wave 3 (Williams remain),Avoyelles Parish,LA,CDA-28973,Avoyelles Parish-NONE-CDA-28973-Stat Area - 2027 - CDA-28973,YES,not_started,(no ROQ job),40.92,40.92,40.92,1043.0,1043.0,1043.0,9.0,9.0,9.0,"fieldlocked_pinned_williams_in_construction, parent_never_active",No Contrac ROQ job (parent/off-grid row) -> plan unchanged
Wave 3 (Williams remain),Avoyelles Parish,LA,CDA-28974,Avoyelles Parish-NONE-CDA-28974-Stat Area - 2028 - CDA-28974,YES,not_started,(no ROQ job),0.0,0.0,0.0,5.0,5.0,5.0,0.0,0.0,0.0,exhausted_parent_gis_review,No Contrac ROQ job (parent/off-grid row) -> plan unchanged
Wave 3 (Williams remain),Avoyelles Parish,LA,CDA-28976,Avoyelles Parish-NONE-CDA-28976-Stat Area - 2027 - CDA-28976,YES,not_started,(no ROQ job),0.59,0.59,0.59,22.0,22.0,22.0,0.0,0.0,0.0,,No Contrac ROQ job (parent/off-grid row) -> plan unchanged
Wave 3 (Williams remain),Avoyelles Parish,LA,CDA-28989,Avoyelles Parish-NONE-CDA-28989-Stat Area - 2028 - CDA-28989,YES,not_started,(no ROQ job),5.22,5.22,5.22,14.0,14.0,14.0,0.0,0.0,0.0,,No Contrac ROQ job (parent/off-grid row) -> plan unchanged
Wave 3 (Williams remain),Avoyelles Parish,LA,CDA-28991,Avoyelles Parish-NONE-CDA-28991-Stat Area - 2029 - CDA-28991,YES,not_started,(no ROQ job),2.28,2.28,2.28,1.0,1.0,1.0,1.0,1.0,1.0,,No Contrac ROQ job (parent/off-grid row) -> plan unchanged
Wave 3 (Williams remain),Avoyelles Parish,LA,CDA-28992,Avoyelles Parish-NONE-CDA-28992-Stat Area - 2028 - CDA-28992,YES,not_started,(no ROQ job),2.1,2.1,2.1,3.0,3.0,3.0,2.0,2.0,2.0,,No Contrac ROQ job (parent/off-grid row) -> plan unchanged
Wave 3 (Williams remain),Beauregard Parish,LA,CDA-28543,Beauregard Parish-NONE-CDA-28543-Stat Area - 2027 - CDA-28543,YES,not_started,(no ROQ job),4.54,4.54,4.54,11.0,11.0,11.0,2.0,2.0,2.0,parent_polygon_volume_review,No Contrac ROQ job (parent/off-grid row) -> plan unchanged
Wave 3 (Williams remain),Beauregard Parish,LA,CDA-28987,Beauregard Parish-NONE-CDA-28987-Stat Area - 2027 - CDA-28987,YES,not_started,(no ROQ job),2.84,2.84,2.84,0.0,0.0,0.0,0.0,0.0,0.0,,No Contrac ROQ job (parent/off-grid row) -> plan unchanged
Wave 3 (Williams remain),Beauregard Parish,LA,CDA-28988,Beauregard Parish-NONE-CDA-28988-Stat Area - 2027 - CDA-28988,YES,not_started,(no ROQ job),79.25,79.25,79.25,5030.0,5030.0,5030.0,211.0,211.0,211.0,,No Contrac ROQ job (parent/off-grid row) -> plan unchanged
Wave 3 (Williams remain),Beauregard Parish,LA,CDA-29082,Beauregard Parish-NONE-CDA-29082-Stat Area - 2027 - CDA-29082,YES,not_started,(no ROQ job),0.41,0.41,0.41,1.0,1.0,1.0,1.0,1.0,1.0,,No Contrac ROQ job (parent/off-grid row) -> plan unchanged
Wave 3 (Williams remain),Bienville Parish,LA,CDA-28585,Bienville Parish-NONE-CDA-28585-Stat Area - 2028 - CDA-28585,YES,not_started,(no ROQ job),6.53,6.53,6.53,435.0,435.0,435.0,0.0,0.0,0.0,,No Contrac ROQ job (parent/off-grid row) -> plan unchanged
Wave 3 (Williams remain),Bienville Parish,LA,CDA-28586,Bienville Parish-NONE-CDA-28586-Stat Area - 2028 - CDA-28586,YES,not_started,(no ROQ job),21.9,21.9,21.9,925.0,925.0,925.0,0.0,0.0,0.0,,No Contrac ROQ job (parent/off-grid row) -> plan unchanged
Wave 3 (Williams remain),Bienville Parish,LA,CDA-28587,Bienville Parish-NONE-CDA-28587-Stat Area - 2027 - CDA-28587,YES,not_started,(no ROQ job),8.79,8.79,8.79,101.0,101.0,101.0,0.0,0.0,0.0,,No Contrac ROQ job (parent/off-grid row) -> plan unchanged
Wave 3 (Williams remain),Bienville Parish,LA,CDA-28588,Bienville Parish-NONE-CDA-28588-Stat Area - 2028 - CDA-28588,YES,not_started,(no ROQ job),28.75,28.75,28.75,748.0,748.0,748.0,0.0,0.0,0.0,,No Contrac ROQ job (parent/off-grid row) -> plan unchanged
Wave 3 (Williams remain),Bienville Parish,LA,CDA-30545,Bienville Parish-NONE-CDA-30545-Stat Area - 2027 - CDA-30545,YES,not_started,(no ROQ job),5.89,5.89,5.89,16.0,16.0,16.0,0.0,0.0,0.0,,No Contrac ROQ job (parent/off-grid row) -> plan unchanged
Wave 3 (Williams remain),Bossier Parish,LA,CDA-28582,Bossier Parish-NONE-CDA-28582-Stat Area - 2028 - CDA-28582,YES,not_started,(no ROQ job),62.47,62.47,62.47,1030.0,1030.0,1030.0,0.0,0.0,0.0,,No Contrac ROQ job (parent/off-grid row) -> plan unchanged
Wave 3 (Williams remain),Bossier Parish,LA,CDA-28583,Bossier Parish-NONE-CDA-28583-Stat Area - 2028 - CDA-28583,YES,not_started,(no ROQ job),135.19,135.19,135.19,1347.0,1347.0,1347.0,0.0,0.0,0.0,,No Contrac ROQ job (parent/off-grid row) -> plan unchanged
Wave 3 (Williams remain),Bossier Parish,LA,CDA-28590,Bossier Parish-NONE-CDA-28590-Stat Area - 2030 - CDA-28590,YES,not_started,(no ROQ job),8.86,8.86,8.86,41.0,41.0,41.0,8.0,8.0,8.0,,No Contrac ROQ job (parent/off-grid row) -> plan unchanged
Wave 3 (Williams remain),Bossier Parish,LA,CDA-28943,Bossier Parish-NONE-CDA-28943-Stat Area - 2028 - CDA-28943,YES,not_started,(no ROQ job),2.93,2.93,2.93,2.0,2.0,2.0,0.0,0.0,0.0,,No Contrac ROQ job (parent/off-grid row) -> plan unchanged
Wave 3 (Williams remain),Bossier Parish,LA,CDA-30546,Bossier Parish-NONE-CDA-30546-Stat Area - 2028 - CDA-30546,YES,not_started,(no ROQ job),3.75,3.75,3.75,7.0,7.0,7.0,0.0,0.0,0.0,,No Contrac ROQ job (parent/off-grid row) -> plan unchanged
Wave 3 (Williams remain),Caddo Parish,LA,CDA-28940,Caddo Parish-NONE-CDA-28940-Stat Area - 2028 - CDA-28940,YES,not_started,(no ROQ job),39.18,39.18,39.18,3564.0,3564.0,3564.0,17.0,17.0,17.0,"fieldlocked_pinned_williams_in_construction, parent_never_active",No Contrac ROQ job (parent/off-grid row) -> plan unchanged
Wave 3 (Williams remain),Caddo Parish,LA,CDA-28941,Caddo Parish-NONE-CDA-28941-Stat Area - 2028 - CDA-28941,YES,not_started,(no ROQ job),204.9,204.9,204.9,8476.0,8476.0,8476.0,166.0,166.0,166.0,,No Contrac ROQ job (parent/off-grid row) -> plan unchanged
Wave 3 (Williams remain),Caddo Parish,LA,CDA-28942,Caddo Parish-NONE-CDA-28942-Stat Area - 2028 - CDA-28942,YES,not_started,(no ROQ job),338.98,338.98,338.98,21184.0,21184.0,21184.0,398.0,398.0,398.0,,No Contrac ROQ job (parent/off-grid row) -> plan unchanged
Wave 3 (Williams remain),Caddo Parish,LA,CDA-32549,Caddo Parish-NONE-CDA-32549-Stat Area - 2028 - CDA-32549,YES,not_started,(no ROQ job),149.62,149.62,149.62,10723.0,10723.0,10723.0,100.0,100.0,100.0,,No Contrac ROQ job (parent/off-grid row) -> plan unchanged
Wave 3 (Williams remain),Caddo Parish,LA,CDA-32550,Caddo Parish-NONE-CDA-32550-Stat Area - 2028 - CDA-32550,YES,not_started,(no ROQ job),152.27,152.27,152.27,15757.0,15757.0,15757.0,75.0,75.0,75.0,,No Contrac ROQ job (parent/off-grid row) -> plan unchanged
Wave 3 (Williams remain),Caddo Parish,LA,CDA-32551,Caddo Parish-NONE-CDA-32551-Stat Area - 2028 - CDA-32551,YES,not_started,(no ROQ job),87.75,87.75,87.75,1921.0,1921.0,1921.0,0.0,0.0,0.0,,No Contrac ROQ job (parent/off-grid row) -> plan unchanged
Wave 3 (Williams remain),Calcasieu Parish,LA,CA-9798,Calcasieu Parish-NONE-CA-9798-Construction Area - FW - EACAM Build 7,YES,,(no ROQ job),12.8,12.8,12.8,1166.0,1166.0,1166.0,0.0,0.0,0.0,"newborn_hi_only, newborn_status_strong",No Contrac ROQ job (parent/off-grid row) -> plan unchanged
Wave 3 (Williams remain),Calcasieu Parish,LA,CA-9799,Calcasieu Parish-NONE-CA-9799-Construction Area - FW - EACAM Build 8,YES,,(no ROQ job),4.35,4.35,4.35,216.0,216.0,216.0,0.0,0.0,0.0,"newborn_hi_only, newborn_status_strong",No Contrac ROQ job (parent/off-grid row) -> plan unchanged
Wave 3 (Williams remain),Calcasieu Parish,LA,CA-9800,Calcasieu Parish-NONE-CA-9800-Construction Area - FW - EACAM Build 9,YES,,(no ROQ job),9.17,9.17,9.17,27.0,27.0,27.0,4.0,4.0,4.0,"newborn_hi_only, newborn_status_strong",No Contrac ROQ job (parent/off-grid row) -> plan unchanged
Wave 3 (Williams remain),Calcasieu Parish,LA,CDA-28564,Calcasieu Parish-NONE-CDA-28564-Stat Area - 2028 - CDA-28564,YES,not_started,(no ROQ job),56.56,56.56,56.56,3661.0,3661.0,3661.0,77.0,77.0,77.0,parent_resized_after_child,No Contrac ROQ job (parent/off-grid row) -> plan unchanged
Wave 3 (Williams remain),Calcasieu Parish,LA,CDA-28566,Calcasieu Parish-NONE-CDA-28566-Stat Area - 2028 - CDA-28566,YES,not_started,(no ROQ job),20.09,20.09,20.09,2879.0,2879.0,2879.0,51.0,51.0,51.0,,No Contrac ROQ job (parent/off-grid row) -> plan unchanged
Wave 3 (Williams remain),Calcasieu Parish,LA,CDA-28567,Calcasieu Parish-NONE-CDA-28567-Stat Area - 2028 - CDA-28567,YES,not_started,(no ROQ job),155.36,155.36,155.36,6254.0,6254.0,6254.0,453.0,453.0,453.0,,No Contrac ROQ job (parent/off-grid row) -> plan unchanged
Wave 3 (Williams remain),Calcasieu Parish,LA,CDA-32541,Calcasieu Parish-NONE-CDA-32541-Stat Area - 2028 - CDA-32541,YES,not_started,(no ROQ job),29.32,29.32,29.32,2594.0,2594.0,2594.0,1.0,1.0,1.0,,No Contrac ROQ job (parent/off-grid row) -> plan unchanged
Wave 3 (Williams remain),Caldwell Parish,LA,CDA-29343,Caldwell Parish-NONE-CDA-29343-Stat Area - 2029 - CDA-29343,YES,not_started,(no ROQ job),657.41,657.41,657.41,771.0,771.0,771.0,109.0,109.0,109.0,,No Contrac ROQ job (parent/off-grid row) -> plan unchanged
Wave 3 (Williams remain),Caldwell Parish,LA,CDA-32542,Caldwell Parish-NONE-CDA-32542-Stat Area - 2029 - CDA-32542,YES,not_started,(no ROQ job),107.3,107.3,107.3,1474.0,1474.0,1474.0,2.0,2.0,2.0,,No Contrac ROQ job (parent/off-grid row) -> plan unchanged
Wave 3 (Williams remain),Cameron Parish,LA,CDA-26955,Cameron Parish-NONE-CDA-26955-Stat Area - 2027 - CDA-26955,YES,not_started,(no ROQ job),0.58,0.58,0.58,55.0,55.0,55.0,0.0,0.0,0.0,,No Contrac ROQ job (parent/off-grid row) -> plan unchanged
Wave 3 (Williams remain),Catahoula Parish,LA,CDA-28990,Catahoula Parish-NONE-CDA-28990-Stat Area - 2028 - CDA-28990,YES,not_started,(no ROQ job),2.39,2.39,2.39,6.0,6.0,6.0,6.0,6.0,6.0,,No Contrac ROQ job (parent/off-grid row) -> plan unchanged
Wave 3 (Williams remain),Catahoula Parish,LA,CDA-28995,Catahoula Parish-NONE-CDA-28995-Stat Area - 2026 - CDA-28995,YES,not_started,(no ROQ job),4.39,4.39,4.39,21.0,21.0,21.0,0.0,0.0,0.0,,No Contrac ROQ job (parent/off-grid row) -> plan unchanged
Wave 3 (Williams remain),Catahoula Parish,LA,CDA-28996,Catahoula Parish-NONE-CDA-28996-Stat Area - 2026 - CDA-28996,YES,not_started,(no ROQ job),7.97,7.97,7.97,8.0,8.0,8.0,0.0,0.0,0.0,,No Contrac ROQ job (parent/off-grid row) -> plan unchanged
Wave 3 (Williams remain),Catahoula Parish,LA,CDA-29109,Catahoula Parish-NONE-CDA-29109-Stat Area - 2028 - CDA-29109,YES,not_started,(no ROQ job),2.11,2.11,2.11,2.0,2.0,2.0,2.0,2.0,2.0,,No Contrac ROQ job (parent/off-grid row) -> plan unchanged
Wave 3 (Williams remain),Concordia Parish,LA,CDA-26962,Concordia Parish-NONE-CDA-26962-Stat Area - 2026 - CDA-26962,YES,not_started,(no ROQ job),71.93,71.93,71.93,290.0,290.0,290.0,41.0,41.0,41.0,,No Contrac ROQ job (parent/off-grid row) -> plan unchanged
Wave 3 (Williams remain),Concordia Parish,LA,CDA-26963,Concordia Parish-NONE-CDA-26963-Stat Area - 2026 - CDA-26963,YES,not_started,(no ROQ job),7.39,7.39,7.39,12.0,12.0,12.0,12.0,12.0,12.0,,No Contrac ROQ job (parent/off-grid row) -> plan unchanged
Wave 3 (Williams remain),Concordia Parish,LA,CDA-26964,Concordia Parish-NONE-CDA-26964-Stat Area - 2026 - CDA-26964,YES,not_started,(no ROQ job),12.26,12.26,12.26,104.0,104.0,104.0,15.0,15.0,15.0,,No Contrac ROQ job (parent/off-grid row) -> plan unchanged
Wave 3 (Williams remain),Concordia Parish,LA,CDA-26965,Concordia Parish-NONE-CDA-26965-Stat Area - 2026 - CDA-26965,YES,not_started,(no ROQ job),6.45,6.45,6.45,46.0,46.0,46.0,7.0,7.0,7.0,,No Contrac ROQ job (parent/off-grid row) -> plan unchanged
Wave 3 (Williams remain),Concordia Parish,LA,CDA-26966,Concordia Parish-NONE-CDA-26966-Stat Area - 2026 - CDA-26966,YES,not_started,(no ROQ job),10.46,10.46,10.46,5.0,5.0,5.0,0.0,0.0,0.0,,No Contrac ROQ job (parent/off-grid row) -> plan unchanged
Wave 3 (Williams remain),Concordia Parish,LA,CDA-26967,Concordia Parish-NONE-CDA-26967-Stat Area - 2026 - CDA-26967,YES,not_started,(no ROQ job),2.69,2.69,2.69,2.0,2.0,2.0,1.0,1.0,1.0,,No Contrac ROQ job (parent/off-grid row) -> plan unchanged
Wave 3 (Williams remain),Concordia Parish,LA,CDA-29097,Concordia Parish-NONE-CDA-29097-Stat Area - 2026 - CDA-29097,YES,not_started,(no ROQ job),1.24,1.24,1.24,22.0,22.0,22.0,4.0,4.0,4.0,,No Contrac ROQ job (parent/off-grid row) -> plan unchanged
Wave 3 (Williams remain),Concordia Parish,LA,CDA-29105,Concordia Parish-NONE-CDA-29105-Stat Area - 2030 - CDA-29105,YES,not_started,(no ROQ job),2.23,2.23,2.23,27.0,27.0,27.0,10.0,10.0,10.0,,No Contrac ROQ job (parent/off-grid row) -> plan unchanged
Wave 3 (Williams remain),Concordia Parish,LA,CDA-29106,Concordia Parish-NONE-CDA-29106-Stat Area - 2030 - CDA-29106,YES,not_started,(no ROQ job),2.82,2.82,2.82,2.0,2.0,2.0,2.0,2.0,2.0,,No Contrac ROQ job (parent/off-grid row) -> plan unchanged
Wave 3 (Williams remain),Conway County,AR,CA-8938,Conway County-NONE-CA-8938-Construction Area - Northwest Conway RDOF,YES,in_construction,(no ROQ job),46.72,46.72,46.72,943.0,943.0,943.0,0.0,0.0,0.0,fieldlocked_pinned_williams_in_construction,No Contrac ROQ job (parent/off-grid row) -> plan unchanged
Wave 3 (Williams remain),Conway County,AR,DA-10510,Conway County-NONE-DA-10510-APPROVEDDESIGNAREAS - Northwest Conway RDOF,YES,not_started,(no ROQ job),0.0,0.0,0.0,21.0,21.0,21.0,0.0,0.0,0.0,exhausted_parent_gis_review,No Contrac ROQ job (parent/off-grid row) -> plan unchanged
Wave 3 (Williams remain),De Soto Parish,LA,CDA-29008,De Soto Parish-NONE-CDA-29008-Stat Area - 2030 - CDA-29008,YES,not_started,(no ROQ job),4.22,4.22,4.22,2.0,2.0,2.0,2.0,2.0,2.0,"legal_hold_desoto_ef, legal_hold_orig_start:2030-11-01",No Contrac ROQ job (parent/off-grid row) -> plan unchanged
Wave 3 (Williams remain),De Soto Parish,LA,CDA-29027,De Soto Parish-NONE-CDA-29027-Stat Area - 2027 - CDA-29027,YES,not_started,(no ROQ job),44.89,44.89,44.89,1526.0,1526.0,1526.0,1.0,1.0,1.0,"legal_hold_desoto_ef, legal_hold_orig_start:2030-11-01",No Contrac ROQ job (parent/off-grid row) -> plan unchanged
Wave 3 (Williams remain),Desha County,AR,CA-8939,Desha County-NONE-CA-8939-Construction Area - Desha South RDOF,YES,in_construction,(no ROQ job),5.61,5.61,5.61,257.0,257.0,257.0,0.0,0.0,0.0,fieldlocked_pinned_williams_in_construction,No Contrac ROQ job (parent/off-grid row) -> plan unchanged
Wave 3 (Williams remain),Desha County,AR,CA-8940,Desha County-NONE-CA-8940-Construction Area - Desha North RDOF,YES,in_construction,(no ROQ job),62.69,62.69,62.69,337.0,337.0,337.0,0.0,0.0,0.0,fieldlocked_pinned_williams_in_construction,No Contrac ROQ job (parent/off-grid row) -> plan unchanged
Wave 3 (Williams remain),Desha County,AR,DA-10511,Desha County-NONE-DA-10511-APPROVEDDESIGNAREAS - Desha North RDOF,YES,not_started,(no ROQ job),0.0,0.0,0.0,8.0,8.0,8.0,0.0,0.0,0.0,exhausted_parent_gis_review,No Contrac ROQ job (parent/off-grid row) -> plan unchanged
Wave 3 (Williams remain),Desha County,AR,DA-10512,Desha County-NONE-DA-10512-APPROVEDDESIGNAREAS - Desha South RDOF,YES,not_started,(no ROQ job),4.68,4.68,4.68,148.0,148.0,148.0,0.0,0.0,0.0,,No Contrac ROQ job (parent/off-grid row) -> plan unchanged
Wave 3 (Williams remain),Evangeline Parish,LA,CDA-26541,Evangeline Parish-NONE-CDA-26541-Stat Area - 2026 - CDA-26541,YES,not_started,(no ROQ job),54.83,54.83,54.83,4865.0,4865.0,4865.0,112.0,112.0,112.0,,No Contrac ROQ job (parent/off-grid row) -> plan unchanged
Wave 3 (Williams remain),Evangeline Parish,LA,CDA-26542,Evangeline Parish-NONE-CDA-26542-Stat Area - 2026 - CDA-26542,YES,not_started,(no ROQ job),119.23,119.23,119.23,4022.0,4022.0,4022.0,414.0,414.0,414.0,"fieldlocked_pinned_williams_in_construction, parent_never_active",No Contrac ROQ job (parent/off-grid row) -> plan unchanged
Wave 3 (Williams remain),Evangeline Parish,LA,CDA-26971,Evangeline Parish-NONE-CDA-26971-Stat Area - 2026 - CDA-26971,YES,not_started,(no ROQ job),22.72,22.72,22.72,276.0,276.0,276.0,11.0,11.0,11.0,"fieldlocked_pinned_williams_in_construction, parent_never_active",No Contrac ROQ job (parent/off-grid row) -> plan unchanged
Wave 3 (Williams remain),Iberia Parish,LA,CDA-27393,Iberia Parish-NONE-CDA-27393-Stat Area - 2027 - CDA-27393,YES,not_started,(no ROQ job),1.94,1.94,1.94,14.0,14.0,14.0,0.0,0.0,0.0,,No Contrac ROQ job (parent/off-grid row) -> plan unchanged
Wave 3 (Williams remain),Jackson Parish,LA,CDA-26940,Jackson Parish-NONE-CDA-26940-Stat Area - 2027 - CDA-26940,YES,not_started,(no ROQ job),66.56,66.56,66.56,761.0,761.0,761.0,0.0,0.0,0.0,,No Contrac ROQ job (parent/off-grid row) -> plan unchanged
Wave 3 (Williams remain),Jackson Parish,LA,CDA-26943,Jackson Parish-NONE-CDA-26943-Stat Area - 2027 - CDA-26943,YES,not_started,(no ROQ job),19.14,19.14,19.14,220.0,220.0,220.0,0.0,0.0,0.0,,No Contrac ROQ job (parent/off-grid row) -> plan unchanged
Wave 3 (Williams remain),Jackson Parish,LA,CDA-26944,Jackson Parish-NONE-CDA-26944-Stat Area - 2027 - CDA-26944,YES,not_started,(no ROQ job),33.67,33.67,33.67,279.0,279.0,279.0,0.0,0.0,0.0,,No Contrac ROQ job (parent/off-grid row) -> plan unchanged
Wave 3 (Williams remain),Jackson Parish,LA,CDA-26945,Jackson Parish-NONE-CDA-26945-Stat Area - 2027 - CDA-26945,YES,not_started,(no ROQ job),99.91,99.91,99.91,708.0,708.0,708.0,0.0,0.0,0.0,,No Contrac ROQ job (parent/off-grid row) -> plan unchanged
Wave 3 (Williams remain),Jefferson Davis Parish,LA,CDA-25750,Jefferson Davis Parish-NONE-CDA-25750-Stat Area - 2026 - CDA-25750,YES,not_started,(no ROQ job),0.98,0.98,0.98,96.0,96.0,96.0,2.0,2.0,2.0,"fieldlocked_pinned_williams_in_construction, parent_never_active",No Contrac ROQ job (parent/off-grid row) -> plan unchanged
Wave 3 (Williams remain),Jefferson Davis Parish,LA,CDA-26540,Jefferson Davis Parish-NONE-CDA-26540-Stat Area - 2026 - CDA-26540,YES,not_started,(no ROQ job),0.23,0.23,0.23,90.0,90.0,90.0,9.0,9.0,9.0,parent_polygon_volume_review,No Contrac ROQ job (parent/off-grid row) -> plan unchanged
Wave 3 (Williams remain),Jefferson Davis Parish,LA,CDA-29083,Jefferson Davis Parish-NONE-CDA-29083-Stat Area - 2027 - CDA-29083,YES,not_started,(no ROQ job),2.23,2.23,2.23,11.0,11.0,11.0,4.0,4.0,4.0,,No Contrac ROQ job (parent/off-grid row) -> plan unchanged
Wave 3 (Williams remain),LaSalle Parish,LA,CDA-28589,LaSalle Parish-NONE-CDA-28589-Stat Area - 2028 - CDA-28589,YES,not_started,(no ROQ job),6.18,6.18,6.18,38.0,38.0,38.0,18.0,18.0,18.0,,No Contrac ROQ job (parent/off-grid row) -> plan unchanged
Wave 3 (Williams remain),LaSalle Parish,LA,CDA-29107,LaSalle Parish-NONE-CDA-29107-Stat Area - 2028 - CDA-29107,YES,not_started,(no ROQ job),6.24,6.24,6.24,29.0,29.0,29.0,22.0,22.0,22.0,,No Contrac ROQ job (parent/off-grid row) -> plan unchanged
Wave 3 (Williams remain),LaSalle Parish,LA,CDA-29108,LaSalle Parish-NONE-CDA-29108-Stat Area - 2028 - CDA-29108,YES,not_started,(no ROQ job),1.72,1.72,1.72,27.0,27.0,27.0,5.0,5.0,5.0,,No Contrac ROQ job (parent/off-grid row) -> plan unchanged
Wave 3 (Williams remain),LaSalle Parish,LA,CDA-29111,LaSalle Parish-NONE-CDA-29111-Stat Area - 2028 - CDA-29111,YES,not_started,(no ROQ job),6.7,6.7,6.7,120.0,120.0,120.0,5.0,5.0,5.0,,No Contrac ROQ job (parent/off-grid row) -> plan unchanged
Wave 3 (Williams remain),LaSalle Parish,LA,CDA-29115,LaSalle Parish-NONE-CDA-29115-Stat Area - 2028 - CDA-29115,YES,not_started,(no ROQ job),20.62,20.62,20.62,98.0,98.0,98.0,38.0,38.0,38.0,,No Contrac ROQ job (parent/off-grid row) -> plan unchanged
Wave 3 (Williams remain),Lafayette Parish,LA,CDA-27372,Lafayette Parish-NONE-CDA-27372-Stat Area - 2026 - CDA-27372,YES,not_started,(no ROQ job),24.84,24.84,24.84,2392.0,2392.0,2392.0,2.0,2.0,2.0,,No Contrac ROQ job (parent/off-grid row) -> plan unchanged
Wave 3 (Williams remain),Lafayette Parish,LA,CDA-27375,Lafayette Parish-NONE-CDA-27375-Stat Area - 2027 - CDA-27375,YES,not_started,(no ROQ job),50.54,50.54,50.54,4214.0,4214.0,4214.0,70.0,70.0,70.0,,No Contrac ROQ job (parent/off-grid row) -> plan unchanged
Wave 3 (Williams remain),Lafayette Parish,LA,CDA-27376,Lafayette Parish-NONE-CDA-27376-Stat Area - 2027 - CDA-27376,YES,not_started,(no ROQ job),39.09,39.09,39.09,6369.0,6369.0,6369.0,0.0,0.0,0.0,,No Contrac ROQ job (parent/off-grid row) -> plan unchanged
Wave 3 (Williams remain),Lafayette Parish,LA,CDA-27377,Lafayette Parish-NONE-CDA-27377-Stat Area - 2027 - CDA-27377,YES,not_started,(no ROQ job),92.39,92.39,92.39,12148.0,12148.0,12148.0,19.0,19.0,19.0,,No Contrac ROQ job (parent/off-grid row) -> plan unchanged
Wave 3 (Williams remain),Lafayette Parish,LA,CDA-27378,Lafayette Parish-NONE-CDA-27378-Stat Area - 2027 - CDA-27378,YES,not_started,(no ROQ job),42.65,42.65,42.65,3284.0,3284.0,3284.0,73.0,73.0,73.0,,No Contrac ROQ job (parent/off-grid row) -> plan unchanged
Wave 3 (Williams remain),Lafayette Parish,LA,CDA-27379,Lafayette Parish-NONE-CDA-27379-Stat Area - 2027 - CDA-27379,YES,not_started,(no ROQ job),13.74,13.74,13.74,896.0,896.0,896.0,26.0,26.0,26.0,,No Contrac ROQ job (parent/off-grid row) -> plan unchanged
Wave 3 (Williams remain),Lafayette Parish,LA,CDA-27381,Lafayette Parish-NONE-CDA-27381-Stat Area - 2027 - CDA-27381,YES,not_started,(no ROQ job),26.42,26.42,26.42,2062.0,2062.0,2062.0,29.0,29.0,29.0,,No Contrac ROQ job (parent/off-grid row) -> plan unchanged
Wave 3 (Williams remain),Lafayette Parish,LA,CDA-27382,Lafayette Parish-NONE-CDA-27382-Stat Area - 2026 - CDA-27382,YES,not_started,(no ROQ job),58.27,58.27,58.27,5756.0,5756.0,5756.0,11.0,11.0,11.0,,No Contrac ROQ job (parent/off-grid row) -> plan unchanged
Wave 3 (Williams remain),Lafayette Parish,LA,CDA-27383,Lafayette Parish-NONE-CDA-27383-Stat Area - 2027 - CDA-27383,YES,not_started,(no ROQ job),50.22,50.22,50.22,3419.0,3419.0,3419.0,44.0,44.0,44.0,,No Contrac ROQ job (parent/off-grid row) -> plan unchanged
Wave 3 (Williams remain),Lafayette Parish,LA,CDA-27384,Lafayette Parish-NONE-CDA-27384-Stat Area - 2026 - CDA-27384,YES,not_started,(no ROQ job),78.42,78.42,78.42,7263.0,7263.0,7263.0,156.0,156.0,156.0,"fieldlocked_pinned_williams_in_construction, parent_never_active",No Contrac ROQ job (parent/off-grid row) -> plan unchanged
Wave 3 (Williams remain),Lafayette Parish,LA,CDA-27385,Lafayette Parish-NONE-CDA-27385-Stat Area - 2027 - CDA-27385,YES,not_started,(no ROQ job),20.6,20.6,20.6,2111.0,2111.0,2111.0,63.0,63.0,63.0,"fieldlocked_pinned_williams_in_construction, parent_never_active",No Contrac ROQ job (parent/off-grid row) -> plan unchanged
Wave 3 (Williams remain),Lamar County,MS,CA-8918,Lamar County-NONE-CA-8918-Construction Area - Lumberton to Hattiesburg Transport,YES,in_construction,Loaded,33.08,33.08,33.08,90.0,90.0,90.0,0.0,0.0,0.0,fieldlocked_pinned_williams_in_construction,No Contrac ROQ job (parent/off-grid row) -> plan unchanged
Wave 3 (Williams remain),Lincoln Parish,LA,CDA-27357,Lincoln Parish-NONE-CDA-27357-Stat Area - 2027 - CDA-27357,YES,not_started,(no ROQ job),29.52,29.52,29.52,524.0,524.0,524.0,0.0,0.0,0.0,,No Contrac ROQ job (parent/off-grid row) -> plan unchanged
Wave 3 (Williams remain),Lincoln Parish,LA,CDA-27358,Lincoln Parish-NONE-CDA-27358-Stat Area - 2027 - CDA-27358,YES,not_started,(no ROQ job),107.02,107.02,107.02,7533.0,7533.0,7533.0,292.0,292.0,292.0,,No Contrac ROQ job (parent/off-grid row) -> plan unchanged
Wave 3 (Williams remain),Lincoln Parish,LA,CDA-27359,Lincoln Parish-NONE-CDA-27359-Stat Area - 2027 - CDA-27359,YES,not_started,(no ROQ job),90.68,90.68,90.68,1634.0,1634.0,1634.0,0.0,0.0,0.0,,No Contrac ROQ job (parent/off-grid row) -> plan unchanged
Wave 3 (Williams remain),Lincoln Parish,LA,CDA-28945,Lincoln Parish-NONE-CDA-28945-Stat Area - 2028 - CDA-28945,YES,not_started,(no ROQ job),0.53,0.53,0.53,5.0,5.0,5.0,0.0,0.0,0.0,,No Contrac ROQ job (parent/off-grid row) -> plan unchanged
Wave 3 (Williams remain),Morehouse Parish,LA,CDA-28948,Morehouse Parish-NONE-CDA-28948-Stat Area - 2027 - CDA-28948,YES,not_started,(no ROQ job),137.55,137.55,137.55,8073.0,8073.0,8073.0,191.0,191.0,191.0,,No Contrac ROQ job (parent/off-grid row) -> plan unchanged
Wave 3 (Williams remain),Natchitoches Parish,LA,CA-8461,Natchitoches Parish-NONE-CA-8461-Construction Area - Robeline to Montgomery Transport (Natchitoches),YES,complete,Complete,40.6,40.6,20.7,92.0,92.0,0.0,11.0,11.0,0.0,fieldlocked_pinned_williams_complete,Contrac Complete -> 0 remaining (display-only; pending formal close-out)
Wave 3 (Williams remain),Natchitoches Parish,LA,CDA-28579,Natchitoches Parish-NONE-CDA-28579-Stat Area - 2028 - CDA-28579,YES,not_started,(no ROQ job),16.63,16.63,16.63,568.0,568.0,568.0,24.0,24.0,24.0,,No Contrac ROQ job (parent/off-grid row) -> plan unchanged
Wave 3 (Williams remain),Natchitoches Parish,LA,CDA-28580,Natchitoches Parish-NONE-CDA-28580-Stat Area - 2028 - CDA-28580,YES,not_started,(no ROQ job),36.1,36.1,36.1,870.0,870.0,870.0,5.0,5.0,5.0,,No Contrac ROQ job (parent/off-grid row) -> plan unchanged
Wave 3 (Williams remain),Ouachita Parish,LA,CDA-28944,Ouachita Parish-NONE-CDA-28944-Stat Area - 2028 - CDA-28944,YES,not_started,(no ROQ job),100.16,100.16,100.16,1135.0,1135.0,1135.0,0.0,0.0,0.0,,No Contrac ROQ job (parent/off-grid row) -> plan unchanged
Wave 3 (Williams remain),Ouachita Parish,LA,CDA-28946,Ouachita Parish-NONE-CDA-28946-Stat Area - 2027 - CDA-28946,YES,not_started,(no ROQ job),2.0,2.0,2.0,38.0,38.0,38.0,0.0,0.0,0.0,,No Contrac ROQ job (parent/off-grid row) -> plan unchanged
Wave 3 (Williams remain),Ouachita Parish,LA,CDA-28947,Ouachita Parish-NONE-CDA-28947-Stat Area - 2027 - CDA-28947,YES,not_started,(no ROQ job),2.43,2.43,2.43,18.0,18.0,18.0,0.0,0.0,0.0,,No Contrac ROQ job (parent/off-grid row) -> plan unchanged
Wave 3 (Williams remain),Ouachita Parish,LA,CDA-28951,Ouachita Parish-NONE-CDA-28951-Stat Area - 2028 - CDA-28951,YES,not_started,(no ROQ job),91.21,91.21,91.21,9370.0,9370.0,9370.0,71.0,71.0,71.0,,No Contrac ROQ job (parent/off-grid row) -> plan unchanged
Wave 3 (Williams remain),Ouachita Parish,LA,CDA-28953,Ouachita Parish-NONE-CDA-28953-Stat Area - 2028 - CDA-28953,YES,not_started,(no ROQ job),2.19,2.19,2.19,44.0,44.0,44.0,0.0,0.0,0.0,,No Contrac ROQ job (parent/off-grid row) -> plan unchanged
Wave 3 (Williams remain),Ouachita Parish,LA,CDA-30544,Ouachita Parish-NONE-CDA-30544-Stat Area - 2027 - CDA-30544,YES,not_started,(no ROQ job),2.22,2.22,2.22,19.0,19.0,19.0,0.0,0.0,0.0,,No Contrac ROQ job (parent/off-grid row) -> plan unchanged
Wave 3 (Williams remain),Ouachita Parish,LA,CDA-32544,Ouachita Parish-NONE-CDA-32544-Stat Area - 2028 - CDA-32544,YES,not_started,(no ROQ job),140.45,140.45,140.45,10931.0,10931.0,10931.0,58.0,58.0,58.0,,No Contrac ROQ job (parent/off-grid row) -> plan unchanged
Wave 3 (Williams remain),Ouachita Parish,LA,CDA-32545,Ouachita Parish-NONE-CDA-32545-Stat Area - 2028 - CDA-32545,YES,not_started,(no ROQ job),121.58,121.58,121.58,9448.0,9448.0,9448.0,67.0,67.0,67.0,,No Contrac ROQ job (parent/off-grid row) -> plan unchanged
Wave 3 (Williams remain),Rapides Parish,LA,CDA-26973,Rapides Parish-NONE-CDA-26973-Stat Area - 2026 - CDA-26973,YES,not_started,(no ROQ job),0.0,0.0,0.0,2.0,0.0,0.0,0.0,0.0,0.0,exhausted_parent_gis_review,No Contrac ROQ job (parent/off-grid row) -> plan unchanged
Wave 3 (Williams remain),Rapides Parish,LA,CDA-26975,Rapides Parish-NONE-CDA-26975-Stat Area - 2026 - CDA-26975,YES,not_started,(no ROQ job),1.73,1.7,1.7,43.0,43.0,43.0,0.0,0.0,0.0,no_hi_identity,No Contrac ROQ job (parent/off-grid row) -> plan unchanged
Wave 3 (Williams remain),Rapides Parish,LA,CDA-27349,Rapides Parish-NONE-CDA-27349-Stat Area - 2026 - CDA-27349,YES,not_started,(no ROQ job),2.59,2.59,2.59,1.0,1.0,1.0,1.0,1.0,1.0,,No Contrac ROQ job (parent/off-grid row) -> plan unchanged
Wave 3 (Williams remain),Rapides Parish,LA,CDA-27352,Rapides Parish-NONE-CDA-27352-Stat Area - 2026 - CDA-27352,YES,not_started,(no ROQ job),25.98,25.98,25.98,978.0,978.0,978.0,107.0,107.0,107.0,"fieldlocked_pinned_williams_in_construction, parent_never_active",No Contrac ROQ job (parent/off-grid row) -> plan unchanged
Wave 3 (Williams remain),Rapides Parish,LA,CDA-28560,Rapides Parish-NONE-CDA-28560-Stat Area - 2028 - CDA-28560,YES,not_started,(no ROQ job),9.58,9.6,9.6,86.0,86.0,86.0,0.0,0.0,0.0,no_hi_identity,No Contrac ROQ job (parent/off-grid row) -> plan unchanged
Wave 3 (Williams remain),Red River Parish,LA,CDA-28581,Red River Parish-NONE-CDA-28581-Stat Area - 2028 - CDA-28581,YES,not_started,(no ROQ job),46.76,46.76,46.76,2026.0,2026.0,2026.0,38.0,38.0,38.0,"fieldlocked_pinned_williams_in_construction, parent_never_active",No Contrac ROQ job (parent/off-grid row) -> plan unchanged
Wave 3 (Williams remain),St. Helena Parish,LA,CDA-28954,St. Helena Parish-NONE-CDA-28954-Stat Area - 2028 - CDA-28954,YES,not_started,(no ROQ job),80.0,80.0,80.0,1275.0,1275.0,1275.0,0.0,0.0,0.0,,No Contrac ROQ job (parent/off-grid row) -> plan unchanged
Wave 3 (Williams remain),St. Landry Parish,LA,CDA-27395,St. Landry Parish-NONE-CDA-27395-Stat Area - 2028 - CDA-27395,YES,not_started,(no ROQ job),32.09,32.09,32.09,7379.0,7379.0,7379.0,88.0,88.0,88.0,"fieldlocked_pinned_williams_in_construction, parent_never_active",No Contrac ROQ job (parent/off-grid row) -> plan unchanged
Wave 3 (Williams remain),St. Landry Parish,LA,CDA-28965,St. Landry Parish-NONE-CDA-28965-Stat Area - 2028 - CDA-28965,YES,not_started,(no ROQ job),14.06,14.06,14.06,1769.0,1769.0,1769.0,2.0,2.0,2.0,"fieldlocked_pinned_williams_in_construction, parent_never_active",No Contrac ROQ job (parent/off-grid row) -> plan unchanged
Wave 3 (Williams remain),St. Landry Parish,LA,CDA-28966,St. Landry Parish-NONE-CDA-28966-Stat Area - 2028 - CDA-28966,YES,not_started,(no ROQ job),87.35,87.35,87.35,7034.0,7034.0,7034.0,60.0,60.0,60.0,,No Contrac ROQ job (parent/off-grid row) -> plan unchanged
Wave 3 (Williams remain),St. Landry Parish,LA,CDA-28967,St. Landry Parish-NONE-CDA-28967-Stat Area - 2028 - CDA-28967,YES,not_started,(no ROQ job),12.25,12.25,12.25,461.0,461.0,461.0,0.0,0.0,0.0,,No Contrac ROQ job (parent/off-grid row) -> plan unchanged
Wave 3 (Williams remain),St. Landry Parish,LA,CDA-28968,St. Landry Parish-NONE-CDA-28968-Stat Area - 2028 - CDA-28968,YES,not_started,(no ROQ job),11.49,11.49,11.49,6.0,6.0,6.0,0.0,0.0,0.0,,No Contrac ROQ job (parent/off-grid row) -> plan unchanged
Wave 3 (Williams remain),St. Landry Parish,LA,CDA-28970,St. Landry Parish-NONE-CDA-28970-Stat Area - 2028 - CDA-28970,YES,not_started,(no ROQ job),111.96,111.96,111.96,6686.0,6686.0,6686.0,136.0,136.0,136.0,,No Contrac ROQ job (parent/off-grid row) -> plan unchanged
Wave 3 (Williams remain),St. Martin Parish,LA,CDA-27387,St. Martin Parish-NONE-CDA-27387-Stat Area - 2027 - CDA-27387,YES,not_started,(no ROQ job),56.46,56.46,56.46,4122.0,4122.0,4122.0,33.0,33.0,33.0,,No Contrac ROQ job (parent/off-grid row) -> plan unchanged
Wave 3 (Williams remain),St. Martin Parish,LA,CDA-27392,St. Martin Parish-NONE-CDA-27392-Stat Area - 2027 - CDA-27392,YES,not_started,(no ROQ job),47.18,47.18,47.18,1474.0,1474.0,1474.0,17.0,17.0,17.0,,No Contrac ROQ job (parent/off-grid row) -> plan unchanged
Wave 3 (Williams remain),St. Tammany Parish,LA,CDA-28961,St. Tammany Parish-NONE-CDA-28961-Stat Area - 2029 - CDA-28961,YES,not_started,(no ROQ job),4.99,4.99,4.99,135.0,135.0,135.0,0.0,0.0,0.0,,No Contrac ROQ job (parent/off-grid row) -> plan unchanged
Wave 3 (Williams remain),St. Tammany Parish,LA,CDA-32546,St. Tammany Parish-NONE-CDA-32546-Stat Area - 2029 - CDA-32546,YES,not_started,(no ROQ job),0.0,0.0,0.0,2.0,2.0,2.0,0.0,0.0,0.0,exhausted_parent_gis_review,No Contrac ROQ job (parent/off-grid row) -> plan unchanged
Wave 3 (Williams remain),St. Tammany Parish,LA,CDA-32547,St. Tammany Parish-NONE-CDA-32547-Stat Area - 2029 - CDA-32547,YES,not_started,(no ROQ job),142.48,142.48,142.48,3882.0,3882.0,3882.0,0.0,0.0,0.0,,No Contrac ROQ job (parent/off-grid row) -> plan unchanged
Wave 3 (Williams remain),St. Tammany Parish,LA,CDA-32548,St. Tammany Parish-NONE-CDA-32548-Stat Area - 2029 - CDA-32548,YES,not_started,(no ROQ job),203.99,203.99,203.99,8226.0,8226.0,8226.0,0.0,0.0,0.0,,No Contrac ROQ job (parent/off-grid row) -> plan unchanged
Wave 3 (Williams remain),Tensas Parish,LA,CDA-27399,Tensas Parish-NONE-CDA-27399-Stat Area - 2027 - CDA-27399,YES,not_started,(no ROQ job),0.63,0.63,0.63,5.0,5.0,5.0,0.0,0.0,0.0,,No Contrac ROQ job (parent/off-grid row) -> plan unchanged
Wave 3 (Williams remain),Tensas Parish,LA,CDA-27401,Tensas Parish-NONE-CDA-27401-Stat Area - 2027 - CDA-27401,YES,not_started,(no ROQ job),1.73,1.73,1.73,7.0,7.0,7.0,0.0,0.0,0.0,,No Contrac ROQ job (parent/off-grid row) -> plan unchanged
Wave 3 (Williams remain),Tensas Parish,LA,CDA-27402,Tensas Parish-NONE-CDA-27402-Stat Area - 2027 - CDA-27402,YES,not_started,(no ROQ job),2.74,2.74,2.74,6.0,6.0,6.0,0.0,0.0,0.0,,No Contrac ROQ job (parent/off-grid row) -> plan unchanged
Wave 3 (Williams remain),Tensas Parish,LA,CDA-28984,Tensas Parish-NONE-CDA-28984-Stat Area - 2028 - CDA-28984,YES,not_started,(no ROQ job),30.23,30.23,30.23,712.0,712.0,712.0,0.0,0.0,0.0,,No Contrac ROQ job (parent/off-grid row) -> plan unchanged
Wave 3 (Williams remain),Vermilion Parish,LA,CDA-26953,Vermilion Parish-NONE-CDA-26953-Stat Area - 2027 - CDA-26953,YES,not_started,(no ROQ job),47.78,47.78,47.78,2651.0,2651.0,2651.0,0.0,0.0,0.0,,No Contrac ROQ job (parent/off-grid row) -> plan unchanged
Wave 3 (Williams remain),Vermilion Parish,LA,CDA-26954,Vermilion Parish-NONE-CDA-26954-Stat Area - 2027 - CDA-26954,YES,not_started,(no ROQ job),26.5,26.5,26.5,2569.0,2569.0,2569.0,6.0,6.0,6.0,,No Contrac ROQ job (parent/off-grid row) -> plan unchanged
Wave 3 (Williams remain),Vermilion Parish,LA,CDA-26958,Vermilion Parish-NONE-CDA-26958-Stat Area - 2027 - CDA-26958,YES,not_started,(no ROQ job),140.58,140.58,140.58,1900.0,1900.0,1900.0,128.0,128.0,128.0,,No Contrac ROQ job (parent/off-grid row) -> plan unchanged
Wave 3 (Williams remain),Vermilion Parish,LA,CDA-26959,Vermilion Parish-NONE-CDA-26959-Stat Area - 2027 - CDA-26959,YES,not_started,(no ROQ job),109.61,109.61,109.61,3254.0,3254.0,3254.0,0.0,0.0,0.0,,No Contrac ROQ job (parent/off-grid row) -> plan unchanged
Wave 3 (Williams remain),Vermilion Parish,LA,CDA-26960,Vermilion Parish-NONE-CDA-26960-Stat Area - 2027 - CDA-26960,YES,not_started,(no ROQ job),32.64,32.64,32.64,569.0,569.0,569.0,0.0,0.0,0.0,,No Contrac ROQ job (parent/off-grid row) -> plan unchanged
Wave 3 (Williams remain),Vermilion Parish,LA,CDA-26961,Vermilion Parish-NONE-CDA-26961-Stat Area - 2027 - CDA-26961,YES,not_started,(no ROQ job),99.03,99.03,99.03,2528.0,2528.0,2528.0,0.0,0.0,0.0,,No Contrac ROQ job (parent/off-grid row) -> plan unchanged
Wave 3 (Williams remain),Vernon Parish,LA,CA-9814,Vernon Parish-NONE-CA-9814-Construction Area - FW - EACAM Build 4,YES,complete,(no ROQ job),25.75,22.15,22.15,307.0,307.0,307.0,0.0,0.0,0.0,"newborn_hi_only, newborn_status_strong, fieldlocked_pinned_williams_complete",No Contrac ROQ job (parent/off-grid row) -> plan unchanged
Wave 3 (Williams remain),Vernon Parish,LA,CDA-28544,Vernon Parish-NONE-CDA-28544-Stat Area - 2026 - CDA-28544,YES,not_started,(no ROQ job),0.76,0.76,0.76,9.0,8.0,8.0,0.0,0.0,0.0,parent_polygon_volume_review,No Contrac ROQ job (parent/off-grid row) -> plan unchanged
Wave 3 (Williams remain),Vernon Parish,LA,CDA-28547,Vernon Parish-NONE-CDA-28547-Stat Area - 2026 - CDA-28547,YES,complete,(no ROQ job),1.69,1.69,1.69,5.0,3.0,3.0,0.0,0.0,0.0,"fieldlocked_pinned_williams_complete, parent_polygon_volume_review",No Contrac ROQ job (parent/off-grid row) -> plan unchanged
Wave 3 (Williams remain),Washington Parish,LA,CDA-28956,Washington Parish-NONE-CDA-28956-Stat Area - 2028 - CDA-28956,YES,not_started,(no ROQ job),66.8,66.8,66.8,2589.0,2589.0,2589.0,0.0,0.0,0.0,,No Contrac ROQ job (parent/off-grid row) -> plan unchanged
Wave 3 (Williams remain),Washington Parish,LA,CDA-28962,Washington Parish-NONE-CDA-28962-Stat Area - 2030 - CDA-28962,YES,not_started,(no ROQ job),0.0,0.0,0.0,1.0,1.0,1.0,0.0,0.0,0.0,exhausted_parent_gis_review,No Contrac ROQ job (parent/off-grid row) -> plan unchanged
Wave 3 (Williams remain),Webster Parish,LA,CDA-26947,Webster Parish-NONE-CDA-26947-Stat Area - 2026 - CDA-26947,YES,not_started,(no ROQ job),76.18,76.18,76.18,1348.0,1348.0,1348.0,34.0,34.0,34.0,,No Contrac ROQ job (parent/off-grid row) -> plan unchanged
Wave 3 (Williams remain),Webster Parish,LA,CDA-26948,Webster Parish-NONE-CDA-26948-Stat Area - 2026 - CDA-26948,YES,not_started,(no ROQ job),103.16,103.16,103.16,997.0,997.0,997.0,11.0,11.0,11.0,,No Contrac ROQ job (parent/off-grid row) -> plan unchanged
Wave 3 (Williams remain),Webster Parish,LA,CDA-26949,Webster Parish-NONE-CDA-26949-Stat Area - 2026 - CDA-26949,YES,not_started,(no ROQ job),77.43,77.43,77.43,1824.0,1824.0,1824.0,0.0,0.0,0.0,,No Contrac ROQ job (parent/off-grid row) -> plan unchanged
Wave 3 (Williams remain),Webster Parish,LA,CDA-26950,Webster Parish-NONE-CDA-26950-Stat Area - 2026 - CDA-26950,YES,not_started,(no ROQ job),16.39,16.39,16.39,335.0,335.0,335.0,23.0,23.0,23.0,,No Contrac ROQ job (parent/off-grid row) -> plan unchanged
Wave 3 (Williams remain),Webster Parish,LA,CDA-26952,Webster Parish-NONE-CDA-26952-Stat Area - 2026 - CDA-26952,YES,not_started,(no ROQ job),38.5,38.5,38.5,187.0,187.0,187.0,13.0,13.0,13.0,,No Contrac ROQ job (parent/off-grid row) -> plan unchanged
Wave 3 (Williams remain),Webster Parish,LA,CDA-28584,Webster Parish-NONE-CDA-28584-Stat Area - 2028 - CDA-28584,YES,not_started,(no ROQ job),4.02,4.02,4.02,17.0,17.0,17.0,0.0,0.0,0.0,,No Contrac ROQ job (parent/off-grid row) -> plan unchanged
Wave 3 (Williams remain),Webster Parish,LA,CDA-32143,Webster Parish-NONE-CDA-32143-Stat Area - 2028 - CDA-32143,YES,not_started,(no ROQ job),8.55,8.55,8.55,202.0,202.0,202.0,0.0,0.0,0.0,,No Contrac ROQ job (parent/off-grid row) -> plan unchanged
